-- MySQL dump 10.13  Distrib 5.7.24, for Linux (x86_64)
--
-- Host: localhost    Database: course
-- ------------------------------------------------------
-- Server version	5.7.24-0ubuntu0.18.04.1

/*!40101 SET @OLD_CHARACTER_SET_CLIENT=@@CHARACTER_SET_CLIENT */;
/*!40101 SET @OLD_CHARACTER_SET_RESULTS=@@CHARACTER_SET_RESULTS */;
/*!40101 SET @OLD_COLLATION_CONNECTION=@@COLLATION_CONNECTION */;
/*!40101 SET NAMES utf8 */;
/*!40103 SET @OLD_TIME_ZONE=@@TIME_ZONE */;
/*!40103 SET TIME_ZONE='+00:00' */;
/*!40014 SET @OLD_UNIQUE_CHECKS=@@UNIQUE_CHECKS, UNIQUE_CHECKS=0 */;
/*!40014 SET @OLD_FOREIGN_KEY_CHECKS=@@FOREIGN_KEY_CHECKS, FOREIGN_KEY_CHECKS=0 */;
/*!40101 SET @OLD_SQL_MODE=@@SQL_MODE, SQL_MODE='NO_AUTO_VALUE_ON_ZERO' */;
/*!40111 SET @OLD_SQL_NOTES=@@SQL_NOTES, SQL_NOTES=0 */;

--
-- Table structure for table `economics`
--

DROP TABLE IF EXISTS `economics`;
/*!40101 SET @saved_cs_client     = @@character_set_client */;
/*!40101 SET character_set_client = utf8 */;
CREATE TABLE `economics` (
  `c_id` int(11) DEFAULT NULL,
  `gdp` varchar(45) DEFAULT NULL,
  `agriculture` varchar(45) DEFAULT NULL,
  `industry` varchar(45) DEFAULT NULL,
  `service` varchar(45) DEFAULT NULL,
  KEY `c_id` (`c_id`),
  CONSTRAINT `economics_ibfk_1` FOREIGN KEY (`c_id`) REFERENCES `general_info` (`c_id`)
) ENGINE=InnoDB DEFAULT CHARSET=latin1;
/*!40101 SET character_set_client = @saved_cs_client */;

--
-- Dumping data for table `economics`
--

LOCK TABLES `economics` WRITE;
/*!40000 ALTER TABLE `economics` DISABLE KEYS */;
INSERT INTO `economics` VALUES (1,'700','0,38','0,24','0,38'),(2,'4500','0,232','0,188','0,579'),(3,'6000','0,101','0,6','0,298'),(4,'8000','','',''),(5,'19000','','',''),(6,'1900','0,096','0,658','0,246'),(7,'8600','0,04','0,18','0,78'),(8,'11000','0,038','0,22','0,743'),(9,'11200','0,095','0,358','0,547'),(10,'3500','0,239','0,343','0,418'),(11,'28000','0,004','0,333','0,663'),(12,'29000','0,038','0,262','0,7'),(13,'30000','0,018','0,304','0,678'),(14,'3400','0,141','0,457','0,402'),(15,'16700','0,03','0,07','0,9'),(16,'16900','0,005','0,387','0,608'),(17,'1900','0,199','0,198','0,603'),(18,'15700','0,06','0,16','0,78'),(19,'6100','0,093','0,316','0,591'),(20,'29100','0,01','0,24','0,749'),(21,'4900','0,142','0,152','0,612'),(22,'1100','0,316','0,138','0,546'),(23,'36000','0,01','0,1','0,89'),(24,'1300','0,258','0,379','0,363'),(25,'2400','0,128','0,352','0,52'),(26,'6100','0,142','0,308','0,55'),(27,'9000','0,024','0,469','0,507'),(28,'7600','0,084','0,4','0,516'),(29,'16000','0,018','0,062','0,92'),(30,'18600','0,036','0,561','0,403'),(31,'7600','0,093','0,304','0,603'),(32,'1100','0,322','0,196','0,482'),(33,'1800','0,564','0,082','0,353'),(34,'600','0,463','0,203','0,334'),(35,'1900','0,35','0,3','0,35'),(36,'1800','0,448','0,17','0,382'),(37,'29800','0,022','0,294','0,684'),(38,'1400','0,121','0,219','0,66'),(39,'35000','0,014','0,032','0,954'),(40,'1100','0,55','0,2','0,25'),(41,'1200','0,335','0,259','0,406'),(42,'9900','0,06','0,493','0,447'),(43,'5000','0,125','0,473','0,403'),(44,'6300','0,125','0,342','0,533'),(45,'700','0,4','0,04','0,56'),(46,'700','0,55','0,11','0,34'),(47,'700','0,062','0,57','0,369'),(48,'5000','0,151','0,096','0,753'),(49,'9100','0,088','0,299','0,614'),(50,'1400','0,279','0,171','0,55'),(51,'10600','0,07','0,308','0,622'),(52,'2900','0,055','0,261','0,684'),(53,'19200','0,037','0,198','0,765'),(54,'15700','0,034','0,393','0,573'),(55,'31100','0,018','0,246','0,735'),(56,'1300','0,179','0,225','0,596'),(57,'5400','0,177','0,328','0,495'),(58,'6000','0,112','0,306','0,582'),(59,'500','0,085','0,231','0,684'),(60,'3300','0,07','0,312','0,618'),(61,'4000','0,149','0,357','0,493'),(62,'4800','0,099','0,302','0,599'),(63,'2700','0,03','0,906','0,062'),(64,'700','0,102','0,254','0,643'),(65,'12300','0,04','0,294','0,666'),(66,'700','0,475','0,099','0,426'),(67,'22000','0,27','0,11','0,62'),(68,'5800','0,089','0,135','0,776'),(69,'27400','0,028','0,295','0,676'),(70,'27600','0,022','0,214','0,764'),(71,'8300','0,066','0,156','0,778'),(72,'17500','0,031','0,19','0,769'),(73,'5500','0,061','0,592','0,348'),(74,'1700','0,308','0,142','0,549'),(75,'600','0,03','0,283','0,687'),(76,'2500','0,172','0,275','0,553'),(77,'27600','0,009','0,296','0,695'),(78,'2200','0,366','0,246','0,387'),(79,'17500','','',''),(80,'20000','0,054','0,213','0,733'),(81,'20000','','',''),(82,'5000','0,054','0,18','0,766'),(83,'8000','0,15','0,17','0,68'),(84,'21000','','',''),(85,'4100','0,227','0,188','0,585'),(86,'20000','0,03','0,1','0,87'),(87,'2100','0,237','0,362','0,401'),(88,'800','0,62','0,12','0,26'),(89,'4000','0,37','0,203','0,427'),(90,'1600','0,28','0,2','0,52'),(91,'2600','0,139','0,312','0,549'),(92,'28800','0,001','0,092','0,906'),(93,'13900','0,037','0,312','0,651'),(94,'30900','0,086','0,15','0,765'),(95,'2900','0,186','0,276','0,538'),(96,'3200','0,134','0,458','0,408'),(97,'7000','0,116','0,424','0,46'),(98,'1500','0,073','0,666','0,261'),(99,'29600','0,05','0,46','0,49'),(100,'21000','0,01','0,13','0,86'),(101,'19800','0,026','0,317','0,657'),(102,'26700','0,021','0,291','0,688'),(103,'3900','0,049','0,337','0,615'),(104,'28200','0,017','0,258','0,725'),(105,'24800','0,05','0,02','0,93'),(106,'4300','0,033','0,287','0,68'),(107,'6300','0,067','0,386','0,547'),(108,'1000','0,163','0,188','0,651'),(109,'800','0,089','0,242','0,668'),(110,'1300','0,3','0,34','0,36'),(111,'17800','0,033','0,403','0,563'),(112,'19000','0,004','0,479','0,516'),(113,'1600','0,353','0,208','0,439'),(114,'1700','0,455','0,287','0,258'),(115,'10200','0,04','0,261','0,699'),(116,'4800','0,12','0,21','0,67'),(117,'3000','0,163','0,443','0,394'),(118,'1000','0,769','0,054','0,177'),(119,'6400','0,076','0,499','0,425'),(120,'25000','0,06','0,39','0,55'),(121,'11400','0,055','0,325','0,62'),(122,'55100','0,01','0,13','0,86'),(123,'19400','0,001','0,072','0,927'),(124,'6700','0,118','0,319','0,563'),(125,'800','0,276','0,165','0,559'),(126,'600','0,342','0,158','0,499'),(127,'9000','0,084','0,48','0,436'),(128,'3900','0,2','0,18','0,62'),(129,'900','0,45','0,17','0,38'),(130,'17700','0,03','0,23','0,74'),(131,'1600','0,317','0,149','0,534'),(132,'14400','0,06','0,11','0,83'),(133,'1800','0,25','0,29','0,46'),(134,'11400','0,059','0,298','0,643'),(135,'2600','','',''),(136,'9000','0,038','0,259','0,702'),(137,'2000','0,289','0,152','0,559'),(138,'1800','0,213','0,233','0,555'),(139,'27000','0,17','',''),(140,'1800','0,206','0,214','0,58'),(141,'3400','','',''),(142,'4000','0,217','0,357','0,426'),(143,'1200','0,262','0,348','0,39'),(144,'7200','0,097','0,315','0,588'),(145,'5000','','',''),(146,'1400','0,38','0,21','0,41'),(147,'28600','0,021','0,244','0,736'),(148,'11400','0,01','0,15','0,84'),(149,'15000','0,15','0,088','0,762'),(150,'21600','0,043','0,273','0,684'),(151,'2300','0,165','0,275','0,56'),(152,'800','0,39','0,17','0,44'),(153,'900','0,269','0,487','0,244'),(154,'12500','','',''),(155,'37800','0,021','0,415','0,564'),(156,'13100','0,027','0,39','0,583'),(157,'2100','0,216','0,251','0,533'),(158,'9000','0,062','0,12','0,818'),(159,'6300','0,068','0,156','0,776'),(160,'2200','0,353','0,381','0,266'),(161,'4700','0,224','0,207','0,569'),(162,'5100','0,08','0,27','0,65'),(163,'4600','0,144','0,326','0,53'),(164,'11100','0,05','0,311','0,64'),(165,'18000','0,053','0,274','0,673'),(166,'16800','0,01','0,45','0,54'),(167,'21500','0,002','0,801','0,197'),(168,'5800','0,08','0,19','0,73'),(169,'7000','0,101','0,35','0,549'),(170,'8900','0,054','0,371','0,575'),(171,'1300','0,401','0,229','0,37'),(172,'2500','','',''),(173,'8800','0,035','0,258','0,707'),(174,'5400','0,07','0,2','0,73'),(175,'6900','','',''),(176,'2900','0,1','0,26','0,64'),(177,'5600','0,114','0,584','0,302'),(178,'34600','','',''),(179,'1200','0,167','0,148','0,684'),(180,'11800','0,033','0,613','0,354'),(181,'1600','0,172','0,209','0,619'),(182,'2200','0,166','0,255','0,579'),(183,'7800','0,032','0,304','0,665'),(184,'500','0,49','0,31','0,21'),(185,'23700','0','0,339','0,661'),(186,'13300','0,035','0,294','0,672'),(187,'19000','0,028','0,369','0,603'),(188,'1700','0,42','0,11','0,47'),(189,'500','0,65','0,1','0,25'),(190,'10700','0,025','0,303','0,671'),(191,'22000','0,04','0,295','0,665'),(192,'3700','0,178','0,276','0,545'),(193,'1900','0,387','0,203','0,41'),(194,'4000','0,13','0,22','0,65'),(195,'4900','0,119','0,515','0,366'),(196,'26800','0,011','0,282','0,707'),(197,'32700','0,015','0,34','0,645'),(198,'3300','0,249','0,23','0,519'),(199,'23400','0,018','0,259','0,723'),(200,'1000','0,234','0,286','0,48'),(201,'600','0,432','0,172','0,396'),(202,'7400','0,099','0,441','0,46'),(203,'1500','0,395','0,204','0,401'),(204,'2200','0,23','0,27','0,5'),(205,'9500','0,007','0,57','0,423'),(206,'6900','0,132','0,318','0,55'),(207,'6700','0,117','0,298','0,585'),(208,'5800','0,209','0,38','0,411'),(209,'1100','0,166','0,272','0,562'),(210,'1400','0,311','0,222','0,469'),(211,'5400','0,187','0,452','0,361'),(212,'23200','0,04','0,585','0,375'),(213,'27700','0,005','0,237','0,758'),(214,'37800','0,01','0,204','0,787'),(215,'12800','0,093','0,311','0,596'),(216,'1700','0,342','0,229','0,43'),(217,'2900','0,26','0,12','0,62'),(218,'4800','0,04','0,419','0,541'),(219,'2500','0,209','0,41','0,381'),(220,'17200','0,01','0,19','0,8'),(221,'800','0,09','0,28','0,63'),(222,'800','0,135','0,472','0,393'),(223,'800','0,22','0,29','0,489'),(224,'1900','0,179','0,243','0,579');
/*!40000 ALTER TABLE `economics` ENABLE KEYS */;
UNLOCK TABLES;

--
-- Table structure for table `general_info`
--

DROP TABLE IF EXISTS `general_info`;
/*!40101 SET @saved_cs_client     = @@character_set_client */;
/*!40101 SET character_set_client = utf8 */;
CREATE TABLE `general_info` (
  `c_id` int(11) NOT NULL AUTO_INCREMENT,
  `country_name` varchar(255) DEFAULT NULL,
  `region` varchar(45) DEFAULT NULL,
  PRIMARY KEY (`c_id`)
) ENGINE=InnoDB AUTO_INCREMENT=225 DEFAULT CHARSET=latin1;
/*!40101 SET character_set_client = @saved_cs_client */;

--
-- Dumping data for table `general_info`
--

LOCK TABLES `general_info` WRITE;
/*!40000 ALTER TABLE `general_info` DISABLE KEYS */;
INSERT INTO `general_info` VALUES (1,'Afghanistan ','ASIA (EX. NEAR EAST)         '),(2,'Albania ','EASTERN EUROPE                     '),(3,'Algeria ','NORTHERN AFRICA                    '),(4,'American Samoa ','OCEANIA                            '),(5,'Andorra ','WESTERN EUROPE                     '),(6,'Angola ','SUB-SAHARAN AFRICA                 '),(7,'Anguilla ','LATIN AMER. & CARIB    '),(8,'Antigua & Barbuda ','LATIN AMER. & CARIB    '),(9,'Argentina ','LATIN AMER. & CARIB    '),(10,'Armenia ','C.W. OF IND. STATES '),(11,'Aruba ','LATIN AMER. & CARIB    '),(12,'Australia ','OCEANIA                            '),(13,'Austria ','WESTERN EUROPE                     '),(14,'Azerbaijan ','C.W. OF IND. STATES '),(15,'Bahamas, The ','LATIN AMER. & CARIB    '),(16,'Bahrain ','NEAR EAST                          '),(17,'Bangladesh ','ASIA (EX. NEAR EAST)         '),(18,'Barbados ','LATIN AMER. & CARIB    '),(19,'Belarus ','C.W. OF IND. STATES '),(20,'Belgium ','WESTERN EUROPE                     '),(21,'Belize ','LATIN AMER. & CARIB    '),(22,'Benin ','SUB-SAHARAN AFRICA                 '),(23,'Bermuda ','NORTHERN AMERICA                   '),(24,'Bhutan ','ASIA (EX. NEAR EAST)         '),(25,'Bolivia ','LATIN AMER. & CARIB    '),(26,'Bosnia & Herzegovina ','EASTERN EUROPE                     '),(27,'Botswana ','SUB-SAHARAN AFRICA                 '),(28,'Brazil ','LATIN AMER. & CARIB    '),(29,'British Virgin Is. ','LATIN AMER. & CARIB    '),(30,'Brunei ','ASIA (EX. NEAR EAST)         '),(31,'Bulgaria ','EASTERN EUROPE                     '),(32,'Burkina Faso ','SUB-SAHARAN AFRICA                 '),(33,'Burma ','ASIA (EX. NEAR EAST)         '),(34,'Burundi ','SUB-SAHARAN AFRICA                 '),(35,'Cambodia ','ASIA (EX. NEAR EAST)         '),(36,'Cameroon ','SUB-SAHARAN AFRICA                 '),(37,'Canada ','NORTHERN AMERICA                   '),(38,'Cape Verde ','SUB-SAHARAN AFRICA                 '),(39,'Cayman Islands ','LATIN AMER. & CARIB    '),(40,'Central African Rep. ','SUB-SAHARAN AFRICA                 '),(41,'Chad ','SUB-SAHARAN AFRICA                 '),(42,'Chile ','LATIN AMER. & CARIB    '),(43,'China ','ASIA (EX. NEAR EAST)         '),(44,'Colombia ','LATIN AMER. & CARIB    '),(45,'Comoros ','SUB-SAHARAN AFRICA                 '),(46,'Congo, Dem. Rep. ','SUB-SAHARAN AFRICA                 '),(47,'Congo, Repub. of the ','SUB-SAHARAN AFRICA                 '),(48,'Cook Islands ','OCEANIA                            '),(49,'Costa Rica ','LATIN AMER. & CARIB    '),(50,'Cote d\'Ivoire ','SUB-SAHARAN AFRICA                 '),(51,'Croatia ','EASTERN EUROPE                     '),(52,'Cuba ','LATIN AMER. & CARIB    '),(53,'Cyprus ','NEAR EAST                          '),(54,'Czech Republic ','EASTERN EUROPE                     '),(55,'Denmark ','WESTERN EUROPE                     '),(56,'Djibouti ','SUB-SAHARAN AFRICA                 '),(57,'Dominica ','LATIN AMER. & CARIB    '),(58,'Dominican Republic ','LATIN AMER. & CARIB    '),(59,'East Timor ','ASIA (EX. NEAR EAST)         '),(60,'Ecuador ','LATIN AMER. & CARIB    '),(61,'Egypt ','NORTHERN AFRICA                    '),(62,'El Salvador ','LATIN AMER. & CARIB    '),(63,'Equatorial Guinea ','SUB-SAHARAN AFRICA                 '),(64,'Eritrea ','SUB-SAHARAN AFRICA                 '),(65,'Estonia ','BALTICS                            '),(66,'Ethiopia ','SUB-SAHARAN AFRICA                 '),(67,'Faroe Islands ','WESTERN EUROPE                     '),(68,'Fiji ','OCEANIA                            '),(69,'Finland ','WESTERN EUROPE                     '),(70,'France ','WESTERN EUROPE                     '),(71,'French Guiana ','LATIN AMER. & CARIB    '),(72,'French Polynesia ','OCEANIA                            '),(73,'Gabon ','SUB-SAHARAN AFRICA                 '),(74,'Gambia, The ','SUB-SAHARAN AFRICA                 '),(75,'Gaza Strip ','NEAR EAST                          '),(76,'Georgia ','C.W. OF IND. STATES '),(77,'Germany ','WESTERN EUROPE                     '),(78,'Ghana ','SUB-SAHARAN AFRICA                 '),(79,'Gibraltar ','WESTERN EUROPE                     '),(80,'Greece ','WESTERN EUROPE                     '),(81,'Greenland ','NORTHERN AMERICA                   '),(82,'Grenada ','LATIN AMER. & CARIB    '),(83,'Guadeloupe ','LATIN AMER. & CARIB    '),(84,'Guam ','OCEANIA                            '),(85,'Guatemala ','LATIN AMER. & CARIB    '),(86,'Guernsey ','WESTERN EUROPE                     '),(87,'Guinea ','SUB-SAHARAN AFRICA                 '),(88,'Guinea-Bissau ','SUB-SAHARAN AFRICA                 '),(89,'Guyana ','LATIN AMER. & CARIB    '),(90,'Haiti ','LATIN AMER. & CARIB    '),(91,'Honduras ','LATIN AMER. & CARIB    '),(92,'Hong Kong ','ASIA (EX. NEAR EAST)         '),(93,'Hungary ','EASTERN EUROPE                     '),(94,'Iceland ','WESTERN EUROPE                     '),(95,'India ','ASIA (EX. NEAR EAST)         '),(96,'Indonesia ','ASIA (EX. NEAR EAST)         '),(97,'Iran ','ASIA (EX. NEAR EAST)         '),(98,'Iraq ','NEAR EAST                          '),(99,'Ireland ','WESTERN EUROPE                     '),(100,'Isle of Man ','WESTERN EUROPE                     '),(101,'Israel ','NEAR EAST                          '),(102,'Italy ','WESTERN EUROPE                     '),(103,'Jamaica ','LATIN AMER. & CARIB    '),(104,'Japan ','ASIA (EX. NEAR EAST)         '),(105,'Jersey ','WESTERN EUROPE                     '),(106,'Jordan ','NEAR EAST                          '),(107,'Kazakhstan ','C.W. OF IND. STATES '),(108,'Kenya ','SUB-SAHARAN AFRICA                 '),(109,'Kiribati ','OCEANIA                            '),(110,'Korea, North ','ASIA (EX. NEAR EAST)         '),(111,'Korea, South ','ASIA (EX. NEAR EAST)         '),(112,'Kuwait ','NEAR EAST                          '),(113,'Kyrgyzstan ','C.W. OF IND. STATES '),(114,'Laos ','ASIA (EX. NEAR EAST)         '),(115,'Latvia ','BALTICS                            '),(116,'Lebanon ','NEAR EAST                          '),(117,'Lesotho ','SUB-SAHARAN AFRICA                 '),(118,'Liberia ','SUB-SAHARAN AFRICA                 '),(119,'Libya ','NORTHERN AFRICA                    '),(120,'Liechtenstein ','WESTERN EUROPE                     '),(121,'Lithuania ','BALTICS                            '),(122,'Luxembourg ','WESTERN EUROPE                     '),(123,'Macau ','ASIA (EX. NEAR EAST)         '),(124,'Macedonia ','EASTERN EUROPE                     '),(125,'Madagascar ','SUB-SAHARAN AFRICA                 '),(126,'Malawi ','SUB-SAHARAN AFRICA                 '),(127,'Malaysia ','ASIA (EX. NEAR EAST)         '),(128,'Maldives ','ASIA (EX. NEAR EAST)         '),(129,'Mali ','SUB-SAHARAN AFRICA                 '),(130,'Malta ','WESTERN EUROPE                     '),(131,'Marshall Islands ','OCEANIA                            '),(132,'Martinique ','LATIN AMER. & CARIB    '),(133,'Mauritania ','SUB-SAHARAN AFRICA                 '),(134,'Mauritius ','SUB-SAHARAN AFRICA                 '),(135,'Mayotte ','SUB-SAHARAN AFRICA                 '),(136,'Mexico ','LATIN AMER. & CARIB    '),(137,'Micronesia, Fed. St. ','OCEANIA                            '),(138,'Moldova ','C.W. OF IND. STATES '),(139,'Monaco ','WESTERN EUROPE                     '),(140,'Mongolia ','ASIA (EX. NEAR EAST)         '),(141,'Montserrat ','LATIN AMER. & CARIB    '),(142,'Morocco ','NORTHERN AFRICA                    '),(143,'Mozambique ','SUB-SAHARAN AFRICA                 '),(144,'Namibia ','SUB-SAHARAN AFRICA                 '),(145,'Nauru ','OCEANIA                            '),(146,'Nepal ','ASIA (EX. NEAR EAST)         '),(147,'Netherlands ','WESTERN EUROPE                     '),(148,'Netherlands Antilles ','LATIN AMER. & CARIB    '),(149,'New Caledonia ','OCEANIA                            '),(150,'New Zealand ','OCEANIA                            '),(151,'Nicaragua ','LATIN AMER. & CARIB    '),(152,'Niger ','SUB-SAHARAN AFRICA                 '),(153,'Nigeria ','SUB-SAHARAN AFRICA                 '),(154,'N. Mariana Islands ','OCEANIA                            '),(155,'Norway ','WESTERN EUROPE                     '),(156,'Oman ','NEAR EAST                          '),(157,'Pakistan ','ASIA (EX. NEAR EAST)         '),(158,'Palau ','OCEANIA                            '),(159,'Panama ','LATIN AMER. & CARIB    '),(160,'Papua New Guinea ','OCEANIA                            '),(161,'Paraguay ','LATIN AMER. & CARIB    '),(162,'Peru ','LATIN AMER. & CARIB    '),(163,'Philippines ','ASIA (EX. NEAR EAST)         '),(164,'Poland ','EASTERN EUROPE                     '),(165,'Portugal ','WESTERN EUROPE                     '),(166,'Puerto Rico ','LATIN AMER. & CARIB    '),(167,'Qatar ','NEAR EAST                          '),(168,'Reunion ','SUB-SAHARAN AFRICA                 '),(169,'Romania ','EASTERN EUROPE                     '),(170,'Russia ','C.W. OF IND. STATES '),(171,'Rwanda ','SUB-SAHARAN AFRICA                 '),(172,'Saint Helena ','SUB-SAHARAN AFRICA                 '),(173,'Saint Kitts & Nevis ','LATIN AMER. & CARIB    '),(174,'Saint Lucia ','LATIN AMER. & CARIB    '),(175,'St Pierre & Miquelon ','NORTHERN AMERICA                   '),(176,'Saint Vincent and the Grenadines ','LATIN AMER. & CARIB    '),(177,'Samoa ','OCEANIA                            '),(178,'San Marino ','WESTERN EUROPE                     '),(179,'Sao Tome & Principe ','SUB-SAHARAN AFRICA                 '),(180,'Saudi Arabia ','NEAR EAST                          '),(181,'Senegal ','SUB-SAHARAN AFRICA                 '),(182,'Serbia ','EASTERN EUROPE                     '),(183,'Seychelles ','SUB-SAHARAN AFRICA                 '),(184,'Sierra Leone ','SUB-SAHARAN AFRICA                 '),(185,'Singapore ','ASIA (EX. NEAR EAST)         '),(186,'Slovakia ','EASTERN EUROPE                     '),(187,'Slovenia ','EASTERN EUROPE                     '),(188,'Solomon Islands ','OCEANIA                            '),(189,'Somalia ','SUB-SAHARAN AFRICA                 '),(190,'South Africa ','SUB-SAHARAN AFRICA                 '),(191,'Spain ','WESTERN EUROPE                     '),(192,'Sri Lanka ','ASIA (EX. NEAR EAST)         '),(193,'Sudan ','SUB-SAHARAN AFRICA                 '),(194,'Suriname ','LATIN AMER. & CARIB    '),(195,'Swaziland ','SUB-SAHARAN AFRICA                 '),(196,'Sweden ','WESTERN EUROPE                     '),(197,'Switzerland ','WESTERN EUROPE                     '),(198,'Syria ','NEAR EAST                          '),(199,'Taiwan ','ASIA (EX. NEAR EAST)         '),(200,'Tajikistan ','C.W. OF IND. STATES '),(201,'Tanzania ','SUB-SAHARAN AFRICA                 '),(202,'Thailand ','ASIA (EX. NEAR EAST)         '),(203,'Togo ','SUB-SAHARAN AFRICA                 '),(204,'Tonga ','OCEANIA                            '),(205,'Trinidad & Tobago ','LATIN AMER. & CARIB    '),(206,'Tunisia ','NORTHERN AFRICA                    '),(207,'Turkey ','NEAR EAST                          '),(208,'Turkmenistan ','C.W. OF IND. STATES '),(209,'Tuvalu ','OCEANIA                            '),(210,'Uganda ','SUB-SAHARAN AFRICA                 '),(211,'Ukraine ','C.W. OF IND. STATES '),(212,'United Arab Emirates ','NEAR EAST                          '),(213,'United Kingdom ','WESTERN EUROPE                     '),(214,'United States ','NORTHERN AMERICA                   '),(215,'Uruguay ','LATIN AMER. & CARIB    '),(216,'Uzbekistan ','C.W. OF IND. STATES '),(217,'Vanuatu ','OCEANIA                            '),(218,'Venezuela ','LATIN AMER. & CARIB    '),(219,'Vietnam ','ASIA (EX. NEAR EAST)         '),(220,'Virgin Islands ','LATIN AMER. & CARIB    '),(221,'West Bank ','NEAR EAST                          '),(222,'Yemen ','NEAR EAST                          '),(223,'Zambia ','SUB-SAHARAN AFRICA                 '),(224,'Zimbabwe ','SUB-SAHARAN AFRICA                 ');
/*!40000 ALTER TABLE `general_info` ENABLE KEYS */;
UNLOCK TABLES;

--
-- Table structure for table `geogr_info`
--

DROP TABLE IF EXISTS `geogr_info`;
/*!40101 SET @saved_cs_client     = @@character_set_client */;
/*!40101 SET character_set_client = utf8 */;
CREATE TABLE `geogr_info` (
  `c_id` int(11) DEFAULT NULL,
  `area` varchar(45) DEFAULT NULL,
  `coastline` varchar(45) DEFAULT NULL,
  `climate` varchar(45) DEFAULT NULL,
  KEY `c_id` (`c_id`),
  CONSTRAINT `geogr_info_ibfk_1` FOREIGN KEY (`c_id`) REFERENCES `general_info` (`c_id`)
) ENGINE=InnoDB DEFAULT CHARSET=latin1;
/*!40101 SET character_set_client = @saved_cs_client */;

--
-- Dumping data for table `geogr_info`
--

LOCK TABLES `geogr_info` WRITE;
/*!40000 ALTER TABLE `geogr_info` DISABLE KEYS */;
INSERT INTO `geogr_info` VALUES (1,'647500','0,00','1'),(2,'28748','1,26','3'),(3,'2381740','0,04','1'),(4,'199','58,29','2'),(5,'468','0,00','3'),(6,'1246700','0,13',''),(7,'102','59,80','2'),(8,'443','34,54','2'),(9,'2766890','0,18','3'),(10,'29800','0,00','4'),(11,'193','35,49','2'),(12,'7686850','0,34','1'),(13,'83870','0,00','3'),(14,'86600','0,00','1'),(15,'13940','25,41','2'),(16,'665','24,21','1'),(17,'144000','0,40','2'),(18,'431','22,51','2'),(19,'207600','0,00','4'),(20,'30528','0,22','3'),(21,'22966','1,68','2'),(22,'112620','0,11','2'),(23,'53','194,34','2'),(24,'47000','0,00','2'),(25,'1098580','0,00','1,5'),(26,'51129','0,04','4'),(27,'600370','0,00','1'),(28,'8511965','0,09','2'),(29,'153','52,29','2'),(30,'5770','2,79','2'),(31,'110910','0,32','3'),(32,'274200','0,00','2'),(33,'678500','0,28','2'),(34,'27830','0,00','2'),(35,'181040','0,24','2'),(36,'475440','0,08','1,5'),(37,'9984670','2,02',''),(38,'4033','23,93','3'),(39,'262','61,07','2'),(40,'622984','0,00','2'),(41,'1284000','0,00','2'),(42,'756950','0,85','3'),(43,'9596960','0,15','1,5'),(44,'1138910','0,28','2'),(45,'2170','15,67','2'),(46,'2345410','0,00','2'),(47,'342000','0,05','2'),(48,'240','50,00','2'),(49,'51100','2,52','2'),(50,'322460','0,16','2'),(51,'56542','10,32',''),(52,'110860','3,37','2'),(53,'9250','7,01','3'),(54,'78866','0,00','3'),(55,'43094','16,97','3'),(56,'23000','1,37','1'),(57,'754','19,63','2'),(58,'48730','2,64','2'),(59,'15007','4,70','2'),(60,'283560','0,79','2'),(61,'1001450','0,24','1'),(62,'21040','1,46','2'),(63,'28051','1,06','2'),(64,'121320','1,84','1,5'),(65,'45226','8,39','3'),(66,'1127127','0,00','2'),(67,'1399','79,84',''),(68,'18270','6,18','2'),(69,'338145','0,37','3'),(70,'547030','0,63','4'),(71,'91000','0,42','2'),(72,'4167','60,60','2'),(73,'267667','0,33','2'),(74,'11300','0,71','2'),(75,'360','11,11','3'),(76,'69700','0,44','3'),(77,'357021','0,67','3'),(78,'239460','0,23','2'),(79,'7','171,43',''),(80,'131940','10,37','3'),(81,'2166086','2,04','1'),(82,'344','35,17','2'),(83,'1780','17,19','2'),(84,'541','23,20','2'),(85,'108890','0,37','2'),(86,'78','64,10','3'),(87,'245857','0,13','2'),(88,'36120','0,97','2'),(89,'214970','0,21','2'),(90,'27750','6,38','2'),(91,'112090','0,73','2'),(92,'1092','67,12','2'),(93,'93030','0,00','3'),(94,'103000','4,83','3'),(95,'3287590','0,21','2,5'),(96,'1919440','2,85','2'),(97,'1648000','0,15','1'),(98,'437072','0,01','1'),(99,'70280','2,06','3'),(100,'572','27,97','3'),(101,'20770','1,31','3'),(102,'301230','2,52',''),(103,'10991','9,30','2'),(104,'377835','7,87','3'),(105,'116','60,34','3'),(106,'92300','0,03','1'),(107,'2717300','0,00','4'),(108,'582650','0,09','1,5'),(109,'811','140,94','2'),(110,'120540','2,07','3'),(111,'98480','2,45','3'),(112,'17820','2,80','1'),(113,'198500','0,00','2,5'),(114,'236800','0,00','2'),(115,'64589','0,82','3'),(116,'10400','2,16',''),(117,'30355','0,00','3'),(118,'111370','0,52','2'),(119,'1759540','0,10',''),(120,'160','0,00','4'),(121,'65200','0,14',''),(122,'2586','0,00',''),(123,'28','146,43','2'),(124,'25333','0,00','3'),(125,'587040','0,82','2'),(126,'118480','0,00','2'),(127,'329750','1,42','2'),(128,'300','214,67','2'),(129,'1240000','0,00','2'),(130,'316','62,28',''),(131,'11854','3,12','2'),(132,'1100','31,82','2'),(133,'1030700','0,07','1'),(134,'2040','8,68','2'),(135,'374','49,52','2'),(136,'1972550','0,47','1,5'),(137,'702','870,66','2'),(138,'33843','0,00',''),(139,'2','205,00',''),(140,'1564116','0,00','1'),(141,'102','39,22','2'),(142,'446550','0,41',''),(143,'801590','0,31','2'),(144,'825418','0,19','1'),(145,'21','142,86','2'),(146,'147181','0,00',''),(147,'41526','1,09','3'),(148,'960','37,92','2'),(149,'19060','11,83','2'),(150,'268680','5,63','3'),(151,'129494','0,70','2'),(152,'1267000','0,00','1'),(153,'923768','0,09','1,5'),(154,'477','310,69','2'),(155,'323802','7,77','3'),(156,'212460','0,98','1'),(157,'803940','0,13','1'),(158,'458','331,66','2'),(159,'78200','3,18','2'),(160,'462840','1,11','2'),(161,'406750','0,00','2'),(162,'1285220','0,19','1,5'),(163,'300000','12,10','2'),(164,'312685','0,16','3'),(165,'92391','1,94','3'),(166,'13790','3,63','2'),(167,'11437','4,92','1'),(168,'2517','8,22','2'),(169,'237500','0,09','3'),(170,'17075200','0,22',''),(171,'26338','0,00','3'),(172,'413','14,53',''),(173,'261','51,72','2'),(174,'616','25,65','2'),(175,'242','49,59',''),(176,'389','21,59','2'),(177,'2944','13,69','2'),(178,'61','0,00',''),(179,'1001','20,88','2'),(180,'1960582','0,13','1'),(181,'196190','0,27','2'),(182,'88361','0,00',''),(183,'455','107,91','2'),(184,'71740','0,56','2'),(185,'693','27,85','2'),(186,'48845','0,00','3'),(187,'20273','0,23',''),(188,'28450','18,67','2'),(189,'637657','0,47','1'),(190,'1219912','0,23','1'),(191,'504782','0,98','3'),(192,'65610','2,04','2'),(193,'2505810','0,03','2'),(194,'163270','0,24','2'),(195,'17363','0,00','2,5'),(196,'449964','0,72','3'),(197,'41290','0,00','3'),(198,'185180','0,10','1'),(199,'35980','4,35','2'),(200,'143100','0,00','2'),(201,'945087','0,15',''),(202,'514000','0,63','2'),(203,'56785','0,10','2'),(204,'748','56,02','2'),(205,'5128','7,06','2'),(206,'163610','0,70','3'),(207,'780580','0,92','3'),(208,'488100','0,00','1'),(209,'26','92,31','2'),(210,'236040','0,00','2'),(211,'603700','0,46','3'),(212,'82880','1,59','1'),(213,'244820','5,08','3'),(214,'9631420','0,21','3'),(215,'176220','0,37','3'),(216,'447400','0,00','1'),(217,'12200','20,72','2'),(218,'912050','0,31','2'),(219,'329560','1,05','2'),(220,'1910','9,84','2'),(221,'5860','0,00','3'),(222,'527970','0,36','1'),(223,'752614','0,00','2'),(224,'390580','0,00','2');
/*!40000 ALTER TABLE `geogr_info` ENABLE KEYS */;
UNLOCK TABLES;

--
-- Table structure for table `new_table`
--

DROP TABLE IF EXISTS `new_table`;
/*!40101 SET @saved_cs_client     = @@character_set_client */;
/*!40101 SET character_set_client = utf8 */;
CREATE TABLE `new_table` (
  `country` varchar(255) DEFAULT NULL,
  `region` varchar(45) DEFAULT NULL,
  `population` varchar(45) DEFAULT NULL,
  `area` varchar(45) DEFAULT NULL,
  `pop_density` varchar(45) DEFAULT NULL,
  `coastline` varchar(45) DEFAULT NULL,
  `migration` varchar(45) DEFAULT NULL,
  `mortality` varchar(45) DEFAULT NULL,
  `gdp` varchar(45) DEFAULT NULL,
  `literacy` varchar(45) DEFAULT NULL,
  `phones` varchar(45) DEFAULT NULL,
  `arable` varchar(45) DEFAULT NULL,
  `crops` varchar(45) DEFAULT NULL,
  `other` varchar(45) DEFAULT NULL,
  `climate` varchar(45) DEFAULT NULL,
  `birthrate` varchar(45) DEFAULT NULL,
  `deathrate` varchar(45) DEFAULT NULL,
  `agriculture` varchar(45) DEFAULT NULL,
  `industry` varchar(45) DEFAULT NULL,
  `service` varchar(45) DEFAULT NULL,
  `id` int(11) NOT NULL AUTO_INCREMENT,
  PRIMARY KEY (`id`)
) ENGINE=InnoDB AUTO_INCREMENT=225 DEFAULT CHARSET=latin1;
/*!40101 SET character_set_client = @saved_cs_client */;

--
-- Dumping data for table `new_table`
--

LOCK TABLES `new_table` WRITE;
/*!40000 ALTER TABLE `new_table` DISABLE KEYS */;
INSERT INTO `new_table` VALUES ('Afghanistan ','ASIA (EX. NEAR EAST)         ','31056997','647500','48,0','0,00','23,06','163,07','700','36,0','3,2','12,13','0,22','87,65','1','46,6','20,34','0,38','0,24','0,38',1),('Albania ','EASTERN EUROPE                     ','3581655','28748','124,6','1,26','-4,93','21,52','4500','86,5','71,2','21,09','4,42','74,49','3','15,11','5,22','0,232','0,188','0,579',2),('Algeria ','NORTHERN AFRICA                    ','32930091','2381740','13,8','0,04','-0,39','31','6000','70,0','78,1','3,22','0,25','96,53','1','17,14','4,61','0,101','0,6','0,298',3),('American Samoa ','OCEANIA                            ','57794','199','290,4','58,29','-20,71','9,27','8000','97,0','259,5','10','15','75','2','22,46','3,27','','','',4),('Andorra ','WESTERN EUROPE                     ','71201','468','152,1','0,00','6,6','4,05','19000','100,0','497,2','2,22','0','97,78','3','8,71','6,25','','','',5),('Angola ','SUB-SAHARAN AFRICA                 ','12127071','1246700','9,7','0,13','0','191,19','1900','42,0','7,8','2,41','0,24','97,35','','45,11','24,2','0,096','0,658','0,246',6),('Anguilla ','LATIN AMER. & CARIB    ','13477','102','132,1','59,80','10,76','21,03','8600','95,0','460,0','0','0','100','2','14,17','5,34','0,04','0,18','0,78',7),('Antigua & Barbuda ','LATIN AMER. & CARIB    ','69108','443','156,0','34,54','-6,15','19,46','11000','89,0','549,9','18,18','4,55','77,27','2','16,93','5,37','0,038','0,22','0,743',8),('Argentina ','LATIN AMER. & CARIB    ','39921833','2766890','14,4','0,18','0,61','15,18','11200','97,1','220,4','12,31','0,48','87,21','3','16,73','7,55','0,095','0,358','0,547',9),('Armenia ','C.W. OF IND. STATES ','2976372','29800','99,9','0,00','-6,47','23,28','3500','98,6','195,7','17,55','2,3','80,15','4','12,07','8,23','0,239','0,343','0,418',10),('Aruba ','LATIN AMER. & CARIB    ','71891','193','372,5','35,49','0','5,89','28000','97,0','516,1','10,53','0','89,47','2','11,03','6,68','0,004','0,333','0,663',11),('Australia ','OCEANIA                            ','20264082','7686850','2,6','0,34','3,98','4,69','29000','100,0','565,5','6,55','0,04','93,41','1','12,14','7,51','0,038','0,262','0,7',12),('Austria ','WESTERN EUROPE                     ','8192880','83870','97,7','0,00','2','4,66','30000','98,0','452,2','16,91','0,86','82,23','3','8,74','9,76','0,018','0,304','0,678',13),('Azerbaijan ','C.W. OF IND. STATES ','7961619','86600','91,9','0,00','-4,9','81,74','3400','97,0','137,1','19,63','2,71','77,66','1','20,74','9,75','0,141','0,457','0,402',14),('Bahamas, The ','LATIN AMER. & CARIB    ','303770','13940','21,8','25,41','-2,2','25,21','16700','95,6','460,6','0,8','0,4','98,8','2','17,57','9,05','0,03','0,07','0,9',15),('Bahrain ','NEAR EAST                          ','698585','665','1050,5','24,21','1,05','17,27','16900','89,1','281,3','2,82','5,63','91,55','1','17,8','4,14','0,005','0,387','0,608',16),('Bangladesh ','ASIA (EX. NEAR EAST)         ','147365352','144000','1023,4','0,40','-0,71','62,6','1900','43,1','7,3','62,11','3,07','34,82','2','29,8','8,27','0,199','0,198','0,603',17),('Barbados ','LATIN AMER. & CARIB    ','279912','431','649,5','22,51','-0,31','12,5','15700','97,4','481,9','37,21','2,33','60,46','2','12,71','8,67','0,06','0,16','0,78',18),('Belarus ','C.W. OF IND. STATES ','10293011','207600','49,6','0,00','2,54','13,37','6100','99,6','319,1','29,55','0,6','69,85','4','11,16','14,02','0,093','0,316','0,591',19),('Belgium ','WESTERN EUROPE                     ','10379067','30528','340,0','0,22','1,23','4,68','29100','98,0','462,6','23,28','0,4','76,32','3','10,38','10,27','0,01','0,24','0,749',20),('Belize ','LATIN AMER. & CARIB    ','287730','22966','12,5','1,68','0','25,69','4900','94,1','115,7','2,85','1,71','95,44','2','28,84','5,72','0,142','0,152','0,612',21),('Benin ','SUB-SAHARAN AFRICA                 ','7862944','112620','69,8','0,11','0','85','1100','40,9','9,7','18,08','2,4','79,52','2','38,85','12,22','0,316','0,138','0,546',22),('Bermuda ','NORTHERN AMERICA                   ','65773','53','1241,0','194,34','2,49','8,53','36000','98,0','851,4','20','0','80','2','11,4','7,74','0,01','0,1','0,89',23),('Bhutan ','ASIA (EX. NEAR EAST)         ','2279723','47000','48,5','0,00','0','100,44','1300','42,2','14,3','3,09','0,43','96,48','2','33,65','12,7','0,258','0,379','0,363',24),('Bolivia ','LATIN AMER. & CARIB    ','8989046','1098580','8,2','0,00','-1,32','53,11','2400','87,2','71,9','2,67','0,19','97,14','1,5','23,3','7,53','0,128','0,352','0,52',25),('Bosnia & Herzegovina ','EASTERN EUROPE                     ','4498976','51129','88,0','0,04','0,31','21,05','6100','','215,4','13,6','2,96','83,44','4','8,77','8,27','0,142','0,308','0,55',26),('Botswana ','SUB-SAHARAN AFRICA                 ','1639833','600370','2,7','0,00','0','54,58','9000','79,8','80,5','0,65','0,01','99,34','1','23,08','29,5','0,024','0,469','0,507',27),('Brazil ','LATIN AMER. & CARIB    ','188078227','8511965','22,1','0,09','-0,03','29,61','7600','86,4','225,3','6,96','0,9','92,15','2','16,56','6,17','0,084','0,4','0,516',28),('British Virgin Is. ','LATIN AMER. & CARIB    ','23098','153','151,0','52,29','10,01','18,05','16000','97,8','506,5','20','6,67','73,33','2','14,89','4,42','0,018','0,062','0,92',29),('Brunei ','ASIA (EX. NEAR EAST)         ','379444','5770','65,8','2,79','3,59','12,61','18600','93,9','237,2','0,57','0,76','98,67','2','18,79','3,45','0,036','0,561','0,403',30),('Bulgaria ','EASTERN EUROPE                     ','7385367','110910','66,6','0,32','-4,58','20,55','7600','98,6','336,3','40,02','1,92','58,06','3','9,65','14,27','0,093','0,304','0,603',31),('Burkina Faso ','SUB-SAHARAN AFRICA                 ','13902972','274200','50,7','0,00','0','97,57','1100','26,6','7,0','14,43','0,19','85,38','2','45,62','15,6','0,322','0,196','0,482',32),('Burma ','ASIA (EX. NEAR EAST)         ','47382633','678500','69,8','0,28','-1,8','67,24','1800','85,3','10,1','15,19','0,97','83,84','2','17,91','9,83','0,564','0,082','0,353',33),('Burundi ','SUB-SAHARAN AFRICA                 ','8090068','27830','290,7','0,00','-0,06','69,29','600','51,6','3,4','35,05','14,02','50,93','2','42,22','13,46','0,463','0,203','0,334',34),('Cambodia ','ASIA (EX. NEAR EAST)         ','13881427','181040','76,7','0,24','0','71,48','1900','69,4','2,6','20,96','0,61','78,43','2','26,9','9,06','0,35','0,3','0,35',35),('Cameroon ','SUB-SAHARAN AFRICA                 ','17340702','475440','36,5','0,08','0','68,26','1800','79,0','5,7','12,81','2,58','84,61','1,5','33,89','13,47','0,448','0,17','0,382',36),('Canada ','NORTHERN AMERICA                   ','33098932','9984670','3,3','2,02','5,96','4,75','29800','97,0','552,2','4,96','0,02','95,02','','10,78','7,8','0,022','0,294','0,684',37),('Cape Verde ','SUB-SAHARAN AFRICA                 ','420979','4033','104,4','23,93','-12,07','47,77','1400','76,6','169,6','9,68','0,5','89,82','3','24,87','6,55','0,121','0,219','0,66',38),('Cayman Islands ','LATIN AMER. & CARIB    ','45436','262','173,4','61,07','18,75','8,19','35000','98,0','836,3','3,85','0','96,15','2','12,74','4,89','0,014','0,032','0,954',39),('Central African Rep. ','SUB-SAHARAN AFRICA                 ','4303356','622984','6,9','0,00','0','91','1100','51,0','2,3','3,1','0,14','96,76','2','33,91','18,65','0,55','0,2','0,25',40),('Chad ','SUB-SAHARAN AFRICA                 ','9944201','1284000','7,7','0,00','-0,11','93,82','1200','47,5','1,3','2,86','0,02','97,12','2','45,73','16,38','0,335','0,259','0,406',41),('Chile ','LATIN AMER. & CARIB    ','16134219','756950','21,3','0,85','0','8,8','9900','96,2','213,0','2,65','0,42','96,93','3','15,23','5,81','0,06','0,493','0,447',42),('China ','ASIA (EX. NEAR EAST)         ','1313973713','9596960','136,9','0,15','-0,4','24,18','5000','90,9','266,7','15,4','1,25','83,35','1,5','13,25','6,97','0,125','0,473','0,403',43),('Colombia ','LATIN AMER. & CARIB    ','43593035','1138910','38,3','0,28','-0,31','20,97','6300','92,5','176,2','2,42','1,67','95,91','2','20,48','5,58','0,125','0,342','0,533',44),('Comoros ','SUB-SAHARAN AFRICA                 ','690948','2170','318,4','15,67','0','74,93','700','56,5','24,5','35,87','23,32','40,81','2','36,93','8,2','0,4','0,04','0,56',45),('Congo, Dem. Rep. ','SUB-SAHARAN AFRICA                 ','62660551','2345410','26,7','0,00','0','94,69','700','65,5','0,2','2,96','0,52','96,52','2','43,69','13,27','0,55','0,11','0,34',46),('Congo, Repub. of the ','SUB-SAHARAN AFRICA                 ','3702314','342000','10,8','0,05','-0,17','93,86','700','83,8','3,7','0,51','0,13','99,36','2','42,57','12,93','0,062','0,57','0,369',47),('Cook Islands ','OCEANIA                            ','21388','240','89,1','50,00','','','5000','95,0','289,9','17,39','13,04','69,57','2','21','','0,151','0,096','0,753',48),('Costa Rica ','LATIN AMER. & CARIB    ','4075261','51100','79,8','2,52','0,51','9,95','9100','96,0','340,7','4,41','5,88','89,71','2','18,32','4,36','0,088','0,299','0,614',49),('Cote d\'Ivoire ','SUB-SAHARAN AFRICA                 ','17654843','322460','54,8','0,16','-0,07','90,83','1400','50,9','14,6','9,75','13,84','76,41','2','35,11','14,84','0,279','0,171','0,55',50),('Croatia ','EASTERN EUROPE                     ','4494749','56542','79,5','10,32','1,58','6,84','10600','98,5','420,4','26,09','2,27','71,65','','9,61','11,48','0,07','0,308','0,622',51),('Cuba ','LATIN AMER. & CARIB    ','11382820','110860','102,7','3,37','-1,58','6,33','2900','97,0','74,7','33,05','7,6','59,35','2','11,89','7,22','0,055','0,261','0,684',52),('Cyprus ','NEAR EAST                          ','784301','9250','84,8','7,01','0,43','7,18','19200','97,6','','7,79','4,44','87,77','3','12,56','7,68','0,037','0,198','0,765',53),('Czech Republic ','EASTERN EUROPE                     ','10235455','78866','129,8','0,00','0,97','3,93','15700','99,9','314,3','39,8','3,05','57,15','3','9,02','10,59','0,034','0,393','0,573',54),('Denmark ','WESTERN EUROPE                     ','5450661','43094','126,5','16,97','2,48','4,56','31100','100,0','614,6','54,02','0,19','45,79','3','11,13','10,36','0,018','0,246','0,735',55),('Djibouti ','SUB-SAHARAN AFRICA                 ','486530','23000','21,2','1,37','0','104,13','1300','67,9','22,8','0,04','0','99,96','1','39,53','19,31','0,179','0,225','0,596',56),('Dominica ','LATIN AMER. & CARIB    ','68910','754','91,4','19,63','-13,87','14,15','5400','94,0','304,8','6,67','20','73,33','2','15,27','6,73','0,177','0,328','0,495',57),('Dominican Republic ','LATIN AMER. & CARIB    ','9183984','48730','188,5','2,64','-3,22','32,38','6000','84,7','97,4','22,65','10,33','67,02','2','23,22','5,73','0,112','0,306','0,582',58),('East Timor ','ASIA (EX. NEAR EAST)         ','1062777','15007','70,8','4,70','0','47,41','500','58,6','','4,71','0,67','94,62','2','26,99','6,24','0,085','0,231','0,684',59),('Ecuador ','LATIN AMER. & CARIB    ','13547510','283560','47,8','0,79','-8,58','23,66','3300','92,5','125,6','5,85','4,93','89,22','2','22,29','4,23','0,07','0,312','0,618',60),('Egypt ','NORTHERN AFRICA                    ','78887007','1001450','78,8','0,24','-0,22','32,59','4000','57,7','131,8','2,87','0,48','96,65','1','22,94','5,23','0,149','0,357','0,493',61),('El Salvador ','LATIN AMER. & CARIB    ','6822378','21040','324,3','1,46','-3,74','25,1','4800','80,2','142,4','31,85','12,07','56,08','2','26,61','5,78','0,099','0,302','0,599',62),('Equatorial Guinea ','SUB-SAHARAN AFRICA                 ','540109','28051','19,3','1,06','0','85,13','2700','85,7','18,5','4,63','3,57','91,8','2','35,59','15,06','0,03','0,906','0,062',63),('Eritrea ','SUB-SAHARAN AFRICA                 ','4786994','121320','39,5','1,84','0','74,87','700','58,6','7,9','4,95','0,03','95,02','1,5','34,33','9,6','0,102','0,254','0,643',64),('Estonia ','BALTICS                            ','1324333','45226','29,3','8,39','-3,16','7,87','12300','99,8','333,8','16,04','0,45','83,51','3','10,04','13,25','0,04','0,294','0,666',65),('Ethiopia ','SUB-SAHARAN AFRICA                 ','74777981','1127127','66,3','0,00','0','95,32','700','42,7','8,2','10,71','0,75','88,54','2','37,98','14,86','0,475','0,099','0,426',66),('Faroe Islands ','WESTERN EUROPE                     ','47246','1399','33,8','79,84','1,41','6,24','22000','','503,8','2,14','0','97,86','','14,05','8,7','0,27','0,11','0,62',67),('Fiji ','OCEANIA                            ','905949','18270','49,6','6,18','-3,14','12,62','5800','93,7','112,6','10,95','4,65','84,4','2','22,55','5,65','0,089','0,135','0,776',68),('Finland ','WESTERN EUROPE                     ','5231372','338145','15,5','0,37','0,95','3,57','27400','100,0','405,3','7,19','0,03','92,78','3','10,45','9,86','0,028','0,295','0,676',69),('France ','WESTERN EUROPE                     ','60876136','547030','111,3','0,63','0,66','4,26','27600','99,0','586,4','33,53','2,07','64,4','4','11,99','9,14','0,022','0,214','0,764',70),('French Guiana ','LATIN AMER. & CARIB    ','199509','91000','2,2','0,42','6,27','12,07','8300','83,0','255,6','0,14','0,05','99,81','2','20,46','4,88','0,066','0,156','0,778',71),('French Polynesia ','OCEANIA                            ','274578','4167','65,9','60,60','2,94','8,44','17500','98,0','194,5','0,82','5,46','93,72','2','16,68','4,69','0,031','0,19','0,769',72),('Gabon ','SUB-SAHARAN AFRICA                 ','1424906','267667','5,3','0,33','0','53,64','5500','63,2','27,4','1,26','0,66','98,08','2','36,16','12,25','0,061','0,592','0,348',73),('Gambia, The ','SUB-SAHARAN AFRICA                 ','1641564','11300','145,3','0,71','1,57','72,02','1700','40,1','26,8','25','0,5','74,5','2','39,37','12,25','0,308','0,142','0,549',74),('Gaza Strip ','NEAR EAST                          ','1428757','360','3968,8','11,11','1,6','22,93','600','','244,3','28,95','21,05','50','3','39,45','3,8','0,03','0,283','0,687',75),('Georgia ','C.W. OF IND. STATES ','4661473','69700','66,9','0,44','-4,7','18,59','2500','99,0','146,6','11,44','3,86','84,7','3','10,41','9,23','0,172','0,275','0,553',76),('Germany ','WESTERN EUROPE                     ','82422299','357021','230,9','0,67','2,18','4,16','27600','99,0','667,9','33,85','0,59','65,56','3','8,25','10,62','0,009','0,296','0,695',77),('Ghana ','SUB-SAHARAN AFRICA                 ','22409572','239460','93,6','0,23','-0,64','51,43','2200','74,8','14,4','16,26','9,67','74,07','2','30,52','9,72','0,366','0,246','0,387',78),('Gibraltar ','WESTERN EUROPE                     ','27928','7','3989,7','171,43','0','5,13','17500','','877,7','0','0','100','','10,74','9,31','','','',79),('Greece ','WESTERN EUROPE                     ','10688058','131940','81,0','10,37','2,35','5,53','20000','97,5','589,7','21,1','8,78','70,12','3','9,68','10,24','0,054','0,213','0,733',80),('Greenland ','NORTHERN AMERICA                   ','56361','2166086','0,0','2,04','-8,37','15,82','20000','','448,9','0','0','100','1','15,93','7,84','','','',81),('Grenada ','LATIN AMER. & CARIB    ','89703','344','260,8','35,17','-13,92','14,62','5000','98,0','364,5','5,88','29,41','64,71','2','22,08','6,88','0,054','0,18','0,766',82),('Guadeloupe ','LATIN AMER. & CARIB    ','452776','1780','254,4','17,19','-0,15','8,6','8000','90,0','463,8','11,24','3,55','85,21','2','15,05','6,09','0,15','0,17','0,68',83),('Guam ','OCEANIA                            ','171019','541','316,1','23,20','0','6,94','21000','99,0','492,0','9,09','16,36','74,55','2','18,79','4,48','','','',84),('Guatemala ','LATIN AMER. & CARIB    ','12293545','108890','112,9','0,37','-1,67','35,93','4100','70,6','92,1','12,54','5,03','82,43','2','29,88','5,2','0,227','0,188','0,585',85),('Guernsey ','WESTERN EUROPE                     ','65409','78','838,6','64,10','3,84','4,71','20000','','842,4','','','','3','8,81','10,01','0,03','0,1','0,87',86),('Guinea ','SUB-SAHARAN AFRICA                 ','9690222','245857','39,4','0,13','-3,06','90,37','2100','35,9','2,7','3,63','2,58','93,79','2','41,76','15,48','0,237','0,362','0,401',87),('Guinea-Bissau ','SUB-SAHARAN AFRICA                 ','1442029','36120','39,9','0,97','-1,57','107,17','800','42,4','7,4','10,67','8,82','80,51','2','37,22','16,53','0,62','0,12','0,26',88),('Guyana ','LATIN AMER. & CARIB    ','767245','214970','3,6','0,21','-2,07','33,26','4000','98,8','143,5','2,44','0,15','97,41','2','18,28','8,28','0,37','0,203','0,427',89),('Haiti ','LATIN AMER. & CARIB    ','8308504','27750','299,4','6,38','-3,4','73,45','1600','52,9','16,9','28,3','11,61','60,09','2','36,44','12,17','0,28','0,2','0,52',90),('Honduras ','LATIN AMER. & CARIB    ','7326496','112090','65,4','0,73','-1,99','29,32','2600','76,2','67,5','9,55','3,22','87,23','2','28,24','5,28','0,139','0,312','0,549',91),('Hong Kong ','ASIA (EX. NEAR EAST)         ','6940432','1092','6355,7','67,12','5,24','2,97','28800','93,5','546,7','5,05','1,01','93,94','2','7,29','6,29','0,001','0,092','0,906',92),('Hungary ','EASTERN EUROPE                     ','9981334','93030','107,3','0,00','0,86','8,57','13900','99,4','336,2','50,09','2,06','47,85','3','9,72','13,11','0,037','0,312','0,651',93),('Iceland ','WESTERN EUROPE                     ','299388','103000','2,9','4,83','2,38','3,31','30900','99,9','647,7','0,07','0','99,93','3','13,64','6,72','0,086','0,15','0,765',94),('India ','ASIA (EX. NEAR EAST)         ','1095351995','3287590','333,2','0,21','-0,07','56,29','2900','59,5','45,4','54,4','2,74','42,86','2,5','22,01','8,18','0,186','0,276','0,538',95),('Indonesia ','ASIA (EX. NEAR EAST)         ','245452739','1919440','127,9','2,85','0','35,6','3200','87,9','52,0','11,32','7,23','81,45','2','20,34','6,25','0,134','0,458','0,408',96),('Iran ','ASIA (EX. NEAR EAST)         ','68688433','1648000','41,7','0,15','-0,84','41,58','7000','79,4','276,4','8,72','1,39','89,89','1','17','5,55','0,116','0,424','0,46',97),('Iraq ','NEAR EAST                          ','26783383','437072','61,3','0,01','0','50,25','1500','40,4','38,6','13,15','0,78','86,07','1','31,98','5,37','0,073','0,666','0,261',98),('Ireland ','WESTERN EUROPE                     ','4062235','70280','57,8','2,06','4,99','5,39','29600','98,0','500,5','15,2','0,03','84,77','3','14,45','7,82','0,05','0,46','0,49',99),('Isle of Man ','WESTERN EUROPE                     ','75441','572','131,9','27,97','5,36','5,93','21000','','676,0','9','0','91','3','11,05','11,19','0,01','0,13','0,86',100),('Israel ','NEAR EAST                          ','6352117','20770','305,8','1,31','0,68','7,03','19800','95,4','462,3','16,39','4,17','79,44','3','17,97','6,18','0,026','0,317','0,657',101),('Italy ','WESTERN EUROPE                     ','58133509','301230','193,0','2,52','2,07','5,94','26700','98,6','430,9','27,79','9,53','62,68','','8,72','10,4','0,021','0,291','0,688',102),('Jamaica ','LATIN AMER. & CARIB    ','2758124','10991','250,9','9,30','-4,92','12,36','3900','87,9','124,0','16,07','10,16','73,77','2','20,82','6,52','0,049','0,337','0,615',103),('Japan ','ASIA (EX. NEAR EAST)         ','127463611','377835','337,4','7,87','0','3,26','28200','99,0','461,2','12,19','0,96','86,85','3','9,37','9,16','0,017','0,258','0,725',104),('Jersey ','WESTERN EUROPE                     ','91084','116','785,2','60,34','2,76','5,24','24800','','811,3','0','0','100','3','9,3','9,28','0,05','0,02','0,93',105),('Jordan ','NEAR EAST                          ','5906760','92300','64,0','0,03','6,59','17,35','4300','91,3','104,5','2,67','1,83','95,5','1','21,25','2,65','0,033','0,287','0,68',106),('Kazakhstan ','C.W. OF IND. STATES ','15233244','2717300','5,6','0,00','-3,35','29,21','6300','98,4','164,1','7,98','0,05','91,97','4','16','9,42','0,067','0,386','0,547',107),('Kenya ','SUB-SAHARAN AFRICA                 ','34707817','582650','59,6','0,09','-0,1','61,47','1000','85,1','8,1','8,08','0,98','90,94','1,5','39,72','14,02','0,163','0,188','0,651',108),('Kiribati ','OCEANIA                            ','105432','811','130,0','140,94','0','48,52','800','','42,7','2,74','50,68','46,58','2','30,65','8,26','0,089','0,242','0,668',109),('Korea, North ','ASIA (EX. NEAR EAST)         ','23113019','120540','191,8','2,07','0','24,04','1300','99,0','42,4','20,76','2,49','76,75','3','15,54','7,13','0,3','0,34','0,36',110),('Korea, South ','ASIA (EX. NEAR EAST)         ','48846823','98480','496,0','2,45','0','7,05','17800','97,9','486,1','17,18','1,95','80,87','3','10','5,85','0,033','0,403','0,563',111),('Kuwait ','NEAR EAST                          ','2418393','17820','135,7','2,80','14,18','9,95','19000','83,5','211,0','0,73','0,11','99,16','1','21,94','2,41','0,004','0,479','0,516',112),('Kyrgyzstan ','C.W. OF IND. STATES ','5213898','198500','26,3','0,00','-2,45','35,64','1600','97,0','84,0','7,3','0,35','92,35','2,5','22,8','7,08','0,353','0,208','0,439',113),('Laos ','ASIA (EX. NEAR EAST)         ','6368481','236800','26,9','0,00','0','85,22','1700','66,4','14,1','3,8','0,35','95,85','2','35,49','11,55','0,455','0,287','0,258',114),('Latvia ','BALTICS                            ','2274735','64589','35,2','0,82','-2,23','9,55','10200','99,8','321,4','29,67','0,47','69,86','3','9,24','13,66','0,04','0,261','0,699',115),('Lebanon ','NEAR EAST                          ','3874050','10400','372,5','2,16','0','24,52','4800','87,4','255,6','16,62','13,98','69,4','','18,52','6,21','0,12','0,21','0,67',116),('Lesotho ','SUB-SAHARAN AFRICA                 ','2022331','30355','66,6','0,00','-0,74','84,23','3000','84,8','23,7','10,87','0,13','89','3','24,75','28,71','0,163','0,443','0,394',117),('Liberia ','SUB-SAHARAN AFRICA                 ','3042004','111370','27,3','0,52','0','128,87','1000','57,5','2,3','3,95','2,28','93,77','2','44,77','23,1','0,769','0,054','0,177',118),('Libya ','NORTHERN AFRICA                    ','5900754','1759540','3,4','0,10','0','24,6','6400','82,6','127,1','1,03','0,19','98,78','','26,49','3,48','0,076','0,499','0,425',119),('Liechtenstein ','WESTERN EUROPE                     ','33987','160','212,4','0,00','4,85','4,7','25000','100,0','585,5','25','0','75','4','10,21','7,18','0,06','0,39','0,55',120),('Lithuania ','BALTICS                            ','3585906','65200','55,0','0,14','-0,71','6,89','11400','99,6','223,4','45,22','0,91','53,87','','8,75','10,98','0,055','0,325','0,62',121),('Luxembourg ','WESTERN EUROPE                     ','474413','2586','183,5','0,00','8,97','4,81','55100','100,0','515,4','23,28','0,4','76,32','','11,94','8,41','0,01','0,13','0,86',122),('Macau ','ASIA (EX. NEAR EAST)         ','453125','28','16183,0','146,43','4,86','4,39','19400','94,5','384,9','0','0','100','2','8,48','4,47','0,001','0,072','0,927',123),('Macedonia ','EASTERN EUROPE                     ','2050554','25333','80,9','0,00','-1,45','10,09','6700','','260,0','22,26','1,81','75,93','3','12,02','8,77','0,118','0,319','0,563',124),('Madagascar ','SUB-SAHARAN AFRICA                 ','18595469','587040','31,7','0,82','0','76,83','800','68,9','3,6','5,07','1,03','93,91','2','41,41','11,11','0,276','0,165','0,559',125),('Malawi ','SUB-SAHARAN AFRICA                 ','13013926','118480','109,8','0,00','0','103,32','600','62,7','7,9','23,38','1,49','75,13','2','43,13','19,33','0,342','0,158','0,499',126),('Malaysia ','ASIA (EX. NEAR EAST)         ','24385858','329750','74,0','1,42','0','17,7','9000','88,7','179,0','5,48','17,61','76,91','2','22,86','5,05','0,084','0,48','0,436',127),('Maldives ','ASIA (EX. NEAR EAST)         ','359008','300','1196,7','214,67','0','56,52','3900','97,2','90,0','13,33','16,67','70','2','34,81','7,06','0,2','0,18','0,62',128),('Mali ','SUB-SAHARAN AFRICA                 ','11716829','1240000','9,5','0,00','-0,33','116,79','900','46,4','6,4','3,82','0,03','96,15','2','49,82','16,89','0,45','0,17','0,38',129),('Malta ','WESTERN EUROPE                     ','400214','316','1266,5','62,28','2,07','3,89','17700','92,8','505,0','28,13','3,13','68,74','','10,22','8,1','0,03','0,23','0,74',130),('Marshall Islands ','OCEANIA                            ','60422','11854','5,1','3,12','-6,04','29,45','1600','93,7','91,2','16,67','38,89','44,44','2','33,05','4,78','0,317','0,149','0,534',131),('Martinique ','LATIN AMER. & CARIB    ','436131','1100','396,5','31,82','-0,05','7,09','14400','97,7','394,4','10,38','9,43','80,19','2','13,74','6,48','0,06','0,11','0,83',132),('Mauritania ','SUB-SAHARAN AFRICA                 ','3177388','1030700','3,1','0,07','0','70,89','1800','41,7','12,9','0,48','0,01','99,51','1','40,99','12,16','0,25','0,29','0,46',133),('Mauritius ','SUB-SAHARAN AFRICA                 ','1240827','2040','608,3','8,68','-0,9','15,03','11400','85,6','289,3','49,26','2,96','47,78','2','15,43','6,86','0,059','0,298','0,643',134),('Mayotte ','SUB-SAHARAN AFRICA                 ','201234','374','538,1','49,52','6,78','62,4','2600','','49,7','','','','2','40,95','7,7','','','',135),('Mexico ','LATIN AMER. & CARIB    ','107449525','1972550','54,5','0,47','-4,87','20,91','9000','92,2','181,6','12,99','1,31','85,7','1,5','20,69','4,74','0,038','0,259','0,702',136),('Micronesia, Fed. St. ','OCEANIA                            ','108004','702','153,9','870,66','-20,99','30,21','2000','89,0','114,8','5,71','45,71','48,58','2','24,68','4,75','0,289','0,152','0,559',137),('Moldova ','C.W. OF IND. STATES ','4466706','33843','132,0','0,00','-0,26','40,42','1800','99,1','208,1','55,3','10,79','33,91','','15,7','12,64','0,213','0,233','0,555',138),('Monaco ','WESTERN EUROPE                     ','32543','2','16271,5','205,00','7,75','5,43','27000','99,0','1035,6','0','0','100','','9,19','12,91','0,17','','',139),('Mongolia ','ASIA (EX. NEAR EAST)         ','2832224','1564116','1,8','0,00','0','53,79','1800','97,8','55,1','0,77','0','99,23','1','21,59','6,95','0,206','0,214','0,58',140),('Montserrat ','LATIN AMER. & CARIB    ','9439','102','92,5','39,22','0','7,35','3400','97,0','','20','0','80','2','17,59','7,1','','','',141),('Morocco ','NORTHERN AFRICA                    ','33241259','446550','74,4','0,41','-0,98','41,62','4000','51,7','40,4','19,61','2,17','78,22','','21,98','5,58','0,217','0,357','0,426',142),('Mozambique ','SUB-SAHARAN AFRICA                 ','19686505','801590','24,6','0,31','0','130,79','1200','47,8','3,5','5,1','0,3','94,6','2','35,18','21,35','0,262','0,348','0,39',143),('Namibia ','SUB-SAHARAN AFRICA                 ','2044147','825418','2,5','0,19','0','48,98','7200','84,0','62,6','0,99','0','99,01','1','24,32','18,86','0,097','0,315','0,588',144),('Nauru ','OCEANIA                            ','13287','21','632,7','142,86','0','9,95','5000','','143,0','0','0','100','2','24,76','6,7','','','',145),('Nepal ','ASIA (EX. NEAR EAST)         ','28287147','147181','192,2','0,00','0','66,98','1400','45,2','15,9','21,68','0,64','77,68','','30,98','9,31','0,38','0,21','0,41',146),('Netherlands ','WESTERN EUROPE                     ','16491461','41526','397,1','1,09','2,91','5,04','28600','99,0','460,8','26,71','0,97','72,32','3','10,9','8,68','0,021','0,244','0,736',147),('Netherlands Antilles ','LATIN AMER. & CARIB    ','221736','960','231,0','37,92','-0,41','10,03','11400','96,7','365,3','10','0','90','2','14,78','6,45','0,01','0,15','0,84',148),('New Caledonia ','OCEANIA                            ','219246','19060','11,5','11,83','0','7,72','15000','91,0','252,2','0,38','0,33','99,29','2','18,11','5,69','0,15','0,088','0,762',149),('New Zealand ','OCEANIA                            ','4076140','268680','15,2','5,63','4,05','5,85','21600','99,0','441,7','5,6','6,99','87,41','3','13,76','7,53','0,043','0,273','0,684',150),('Nicaragua ','LATIN AMER. & CARIB    ','5570129','129494','43,0','0,70','-1,22','29,11','2300','67,5','39,7','15,94','1,94','82,12','2','24,51','4,45','0,165','0,275','0,56',151),('Niger ','SUB-SAHARAN AFRICA                 ','12525094','1267000','9,9','0,00','-0,67','121,69','800','17,6','1,9','3,54','0,01','96,45','1','50,73','20,91','0,39','0,17','0,44',152),('Nigeria ','SUB-SAHARAN AFRICA                 ','131859731','923768','142,7','0,09','0,26','98,8','900','68,0','9,3','31,29','2,96','65,75','1,5','40,43','16,94','0,269','0,487','0,244',153),('N. Mariana Islands ','OCEANIA                            ','82459','477','172,9','310,69','9,61','7,11','12500','97,0','254,7','13,04','4,35','82,61','2','19,43','2,29','','','',154),('Norway ','WESTERN EUROPE                     ','4610820','323802','14,2','7,77','1,74','3,7','37800','100,0','461,7','2,87','0','97,13','3','11,46','9,4','0,021','0,415','0,564',155),('Oman ','NEAR EAST                          ','3102229','212460','14,6','0,98','0,28','19,51','13100','75,8','85,5','0','0,14','99,74','1','36,24','3,81','0,027','0,39','0,583',156),('Pakistan ','ASIA (EX. NEAR EAST)         ','165803560','803940','206,2','0,13','-2,77','72,44','2100','45,7','31,8','27,87','0,87','71,26','1','29,74','8,23','0,216','0,251','0,533',157),('Palau ','OCEANIA                            ','20579','458','44,9','331,66','2,85','14,84','9000','92,0','325,6','8,7','4,35','86,95','2','18,03','6,8','0,062','0,12','0,818',158),('Panama ','LATIN AMER. & CARIB    ','3191319','78200','40,8','3,18','-0,91','20,47','6300','92,6','137,9','7,36','1,98','90,66','2','21,74','5,36','0,068','0,156','0,776',159),('Papua New Guinea ','OCEANIA                            ','5670544','462840','12,3','1,11','0','51,45','2200','64,6','10,9','0,46','1,44','98,1','2','29,36','7,25','0,353','0,381','0,266',160),('Paraguay ','LATIN AMER. & CARIB    ','6506464','406750','16,0','0,00','-0,08','25,63','4700','94,0','49,2','7,6','0,23','92,17','2','29,1','4,49','0,224','0,207','0,569',161),('Peru ','LATIN AMER. & CARIB    ','28302603','1285220','22,0','0,19','-1,05','31,94','5100','90,9','79,5','2,89','0,4','96,71','1,5','20,48','6,23','0,08','0,27','0,65',162),('Philippines ','ASIA (EX. NEAR EAST)         ','89468677','300000','298,2','12,10','-1,5','23,51','4600','92,6','38,4','18,95','16,77','64,28','2','24,89','5,41','0,144','0,326','0,53',163),('Poland ','EASTERN EUROPE                     ','38536869','312685','123,3','0,16','-0,49','8,51','11100','99,8','306,3','45,91','1,12','52,97','3','9,85','9,89','0,05','0,311','0,64',164),('Portugal ','WESTERN EUROPE                     ','10605870','92391','114,8','1,94','3,57','5,05','18000','93,3','399,2','21,75','7,81','70,44','3','10,72','10,5','0,053','0,274','0,673',165),('Puerto Rico ','LATIN AMER. & CARIB    ','3927188','13790','284,8','3,63','-1,46','8,24','16800','94,1','283,1','3,95','5,52','90,53','2','12,77','7,65','0,01','0,45','0,54',166),('Qatar ','NEAR EAST                          ','885359','11437','77,4','4,92','16,29','18,61','21500','82,5','232,0','1,64','0,27','98,09','1','15,56','4,72','0,002','0,801','0,197',167),('Reunion ','SUB-SAHARAN AFRICA                 ','787584','2517','312,9','8,22','0','7,78','5800','88,9','380,9','13,6','1,2','85,2','2','18,9','5,49','0,08','0,19','0,73',168),('Romania ','EASTERN EUROPE                     ','22303552','237500','93,9','0,09','-0,13','26,43','7000','98,4','196,9','40,82','2,25','56,93','3','10,7','11,77','0,101','0,35','0,549',169),('Russia ','C.W. OF IND. STATES ','142893540','17075200','8,4','0,22','1,02','15,39','8900','99,6','280,6','7,33','0,11','92,56','','9,95','14,65','0,054','0,371','0,575',170),('Rwanda ','SUB-SAHARAN AFRICA                 ','8648248','26338','328,4','0,00','0','91,23','1300','70,4','2,7','40,54','12,16','47,3','3','40,37','16,09','0,401','0,229','0,37',171),('Saint Helena ','SUB-SAHARAN AFRICA                 ','7502','413','18,2','14,53','0','19','2500','97,0','293,3','12,9','0','87,1','','12,13','6,53','','','',172),('Saint Kitts & Nevis ','LATIN AMER. & CARIB    ','39129','261','149,9','51,72','-7,11','14,49','8800','97,0','638,9','19,44','2,78','77,78','2','18,02','8,33','0,035','0,258','0,707',173),('Saint Lucia ','LATIN AMER. & CARIB    ','168458','616','273,5','25,65','-2,67','13,53','5400','67,0','303,3','6,56','22,95','70,49','2','19,68','5,08','0,07','0,2','0,73',174),('St Pierre & Miquelon ','NORTHERN AMERICA                   ','7026','242','29,0','49,59','-4,86','7,54','6900','99,0','683,2','13,04','0','86,96','','13,52','6,83','','','',175),('Saint Vincent and the Grenadines ','LATIN AMER. & CARIB    ','117848','389','303,0','21,59','-7,64','14,78','2900','96,0','190,9','17,95','17,95','64,1','2','16,18','5,98','0,1','0,26','0,64',176),('Samoa ','OCEANIA                            ','176908','2944','60,1','13,69','-11,7','27,71','5600','99,7','75,2','21,2','24,38','54,42','2','16,43','6,62','0,114','0,584','0,302',177),('San Marino ','WESTERN EUROPE                     ','29251','61','479,5','0,00','10,98','5,73','34600','96,0','704,3','16,67','0','83,33','','10,02','8,17','','','',178),('Sao Tome & Principe ','SUB-SAHARAN AFRICA                 ','193413','1001','193,2','20,88','-2,72','43,11','1200','79,3','36,2','6,25','48,96','44,79','2','40,25','6,47','0,167','0,148','0,684',179),('Saudi Arabia ','NEAR EAST                          ','27019731','1960582','13,8','0,13','-2,71','13,24','11800','78,8','140,6','1,67','0,09','98,24','1','29,34','2,58','0,033','0,613','0,354',180),('Senegal ','SUB-SAHARAN AFRICA                 ','11987121','196190','61,1','0,27','0,2','55,51','1600','40,2','22,2','12,78','0,21','87,01','2','32,78','9,42','0,172','0,209','0,619',181),('Serbia ','EASTERN EUROPE                     ','9396411','88361','106,3','0,00','-1,33','12,89','2200','93,0','285,8','33,35','3,2','63,45','','','','0,166','0,255','0,579',182),('Seychelles ','SUB-SAHARAN AFRICA                 ','81541','455','179,2','107,91','-5,69','15,53','7800','58,0','262,4','2,22','13,33','84,45','2','16,03','6,29','0,032','0,304','0,665',183),('Sierra Leone ','SUB-SAHARAN AFRICA                 ','6005250','71740','83,7','0,56','0','143,64','500','31,4','4,0','6,98','0,89','92,13','2','45,76','23,03','0,49','0,31','0,21',184),('Singapore ','ASIA (EX. NEAR EAST)         ','4492150','693','6482,2','27,85','11,53','2,29','23700','92,5','411,4','1,64','0','98,36','2','9,34','4,28','0','0,339','0,661',185),('Slovakia ','EASTERN EUROPE                     ','5439448','48845','111,4','0,00','0,3','7,41','13300','','220,1','30,16','2,62','67,22','3','10,65','9,45','0,035','0,294','0,672',186),('Slovenia ','EASTERN EUROPE                     ','2010347','20273','99,2','0,23','1,12','4,45','19000','99,7','406,1','8,6','1,49','89,91','','8,98','10,31','0,028','0,369','0,603',187),('Solomon Islands ','OCEANIA                            ','552438','28450','19,4','18,67','0','21,29','1700','','13,4','0,64','2','97,36','2','30,01','3,92','0,42','0,11','0,47',188),('Somalia ','SUB-SAHARAN AFRICA                 ','8863338','637657','13,9','0,47','5,37','116,7','500','37,8','11,3','1,67','0,04','98,29','1','45,13','16,63','0,65','0,1','0,25',189),('South Africa ','SUB-SAHARAN AFRICA                 ','44187637','1219912','36,2','0,23','-0,29','61,81','10700','86,4','107,0','12,08','0,79','87,13','1','18,2','22','0,025','0,303','0,671',190),('Spain ','WESTERN EUROPE                     ','40397842','504782','80,0','0,98','0,99','4,42','22000','97,9','453,5','26,07','9,87','64,06','3','10,06','9,72','0,04','0,295','0,665',191),('Sri Lanka ','ASIA (EX. NEAR EAST)         ','20222240','65610','308,2','2,04','-1,31','14,35','3700','92,3','61,5','13,86','15,7','70,44','2','15,51','6,52','0,178','0,276','0,545',192),('Sudan ','SUB-SAHARAN AFRICA                 ','41236378','2505810','16,5','0,03','-0,02','62,5','1900','61,1','16,3','6,83','0,18','92,99','2','34,53','8,97','0,387','0,203','0,41',193),('Suriname ','LATIN AMER. & CARIB    ','439117','163270','2,7','0,24','-8,81','23,57','4000','93,0','184,7','0,37','0,06','99,57','2','18,02','7,27','0,13','0,22','0,65',194),('Swaziland ','SUB-SAHARAN AFRICA                 ','1136334','17363','65,5','0,00','0','69,27','4900','81,6','30,8','10,35','0,7','88,95','2,5','27,41','29,74','0,119','0,515','0,366',195),('Sweden ','WESTERN EUROPE                     ','9016596','449964','20,0','0,72','1,67','2,77','26800','99,0','715,0','6,54','0,01','93,45','3','10,27','10,31','0,011','0,282','0,707',196),('Switzerland ','WESTERN EUROPE                     ','7523934','41290','182,2','0,00','4,05','4,39','32700','99,0','680,9','10,42','0,61','88,97','3','9,71','8,49','0,015','0,34','0,645',197),('Syria ','NEAR EAST                          ','18881361','185180','102,0','0,10','0','29,53','3300','76,9','153,8','25,22','4,43','70,35','1','27,76','4,81','0,249','0,23','0,519',198),('Taiwan ','ASIA (EX. NEAR EAST)         ','23036087','35980','640,3','4,35','0','6,4','23400','96,1','591,0','24','1','75','2','12,56','6,48','0,018','0,259','0,723',199),('Tajikistan ','C.W. OF IND. STATES ','7320815','143100','51,2','0,00','-2,86','110,76','1000','99,4','33,5','6,61','0,92','92,47','2','32,65','8,25','0,234','0,286','0,48',200),('Tanzania ','SUB-SAHARAN AFRICA                 ','37445392','945087','39,6','0,15','-2,06','98,54','600','78,2','4,0','4,52','1,08','94,4','','37,71','16,39','0,432','0,172','0,396',201),('Thailand ','ASIA (EX. NEAR EAST)         ','64631595','514000','125,7','0,63','0','20,48','7400','92,6','108,9','29,36','6,46','64,18','2','13,87','7,04','0,099','0,441','0,46',202),('Togo ','SUB-SAHARAN AFRICA                 ','5548702','56785','97,7','0,10','0','66,61','1500','60,9','10,6','46,15','2,21','51,64','2','37,01','9,83','0,395','0,204','0,401',203),('Tonga ','OCEANIA                            ','114689','748','153,3','56,02','0','12,62','2200','98,5','97,7','23,61','43,06','33,33','2','25,37','5,28','0,23','0,27','0,5',204),('Trinidad & Tobago ','LATIN AMER. & CARIB    ','1065842','5128','207,9','7,06','-10,83','24,31','9500','98,6','303,5','14,62','9,16','76,22','2','12,9','10,57','0,007','0,57','0,423',205),('Tunisia ','NORTHERN AFRICA                    ','10175014','163610','62,2','0,70','-0,57','24,77','6900','74,2','123,6','17,86','13,74','68,4','3','15,52','5,13','0,132','0,318','0,55',206),('Turkey ','NEAR EAST                          ','70413958','780580','90,2','0,92','0','41,04','6700','86,5','269,5','30,93','3,31','65,76','3','16,62','5,97','0,117','0,298','0,585',207),('Turkmenistan ','C.W. OF IND. STATES ','5042920','488100','10,3','0,00','-0,86','73,08','5800','98,0','74,6','3,72','0,14','96,14','1','27,61','8,6','0,209','0,38','0,411',208),('Tuvalu ','OCEANIA                            ','11810','26','454,2','92,31','0','20,03','1100','','59,3','0','0','100','2','22,18','7,11','0,166','0,272','0,562',209),('Uganda ','SUB-SAHARAN AFRICA                 ','28195754','236040','119,5','0,00','0','67,83','1400','69,9','3,6','25,88','10,65','63,47','2','47,35','12,24','0,311','0,222','0,469',210),('Ukraine ','C.W. OF IND. STATES ','46710816','603700','77,4','0,46','-0,39','20,34','5400','99,7','259,9','56,21','1,61','42,18','3','8,82','14,39','0,187','0,452','0,361',211),('United Arab Emirates ','NEAR EAST                          ','2602713','82880','31,4','1,59','1,03','14,51','23200','77,9','475,3','0,6','2,25','97,15','1','18,96','4,4','0,04','0,585','0,375',212),('United Kingdom ','WESTERN EUROPE                     ','60609153','244820','247,6','5,08','2,19','5,16','27700','99,0','543,5','23,46','0,21','76,33','3','10,71','10,13','0,005','0,237','0,758',213),('United States ','NORTHERN AMERICA                   ','298444215','9631420','31,0','0,21','3,41','6,5','37800','97,0','898,0','19,13','0,22','80,65','3','14,14','8,26','0,01','0,204','0,787',214),('Uruguay ','LATIN AMER. & CARIB    ','3431932','176220','19,5','0,37','-0,32','11,95','12800','98,0','291,4','7,43','0,23','92,34','3','13,91','9,05','0,093','0,311','0,596',215),('Uzbekistan ','C.W. OF IND. STATES ','27307134','447400','61,0','0,00','-1,72','71,1','1700','99,3','62,9','10,83','0,83','88,34','1','26,36','7,84','0,342','0,229','0,43',216),('Vanuatu ','OCEANIA                            ','208869','12200','17,1','20,72','0','55,16','2900','53,0','32,6','2,46','7,38','90,16','2','22,72','7,82','0,26','0,12','0,62',217),('Venezuela ','LATIN AMER. & CARIB    ','25730435','912050','28,2','0,31','-0,04','22,2','4800','93,4','140,1','2,95','0,92','96,13','2','18,71','4,92','0,04','0,419','0,541',218),('Vietnam ','ASIA (EX. NEAR EAST)         ','84402966','329560','256,1','1,05','-0,45','25,95','2500','90,3','187,7','19,97','5,95','74,08','2','16,86','6,22','0,209','0,41','0,381',219),('Virgin Islands ','LATIN AMER. & CARIB    ','108605','1910','56,9','9,84','-8,94','8,03','17200','','652,8','11,76','2,94','85,3','2','13,96','6,43','0,01','0,19','0,8',220),('West Bank ','NEAR EAST                          ','2460492','5860','419,9','0,00','2,98','19,62','800','','145,2','16,9','18,97','64,13','3','31,67','3,92','0,09','0,28','0,63',221),('Yemen ','NEAR EAST                          ','21456188','527970','40,6','0,36','0','61,5','800','50,2','37,2','2,78','0,24','96,98','1','42,89','8,3','0,135','0,472','0,393',222),('Zambia ','SUB-SAHARAN AFRICA                 ','11502010','752614','15,3','0,00','0','88,29','800','80,6','8,2','7,08','0,03','92,9','2','41','19,93','0,22','0,29','0,489',223),('Zimbabwe ','SUB-SAHARAN AFRICA                 ','12236805','390580','31,3','0,00','0','67,69','1900','90,7','26,8','8,32','0,34','91,34','2','28,01','21,84','0,179','0,243','0,579',224);
/*!40000 ALTER TABLE `new_table` ENABLE KEYS */;
UNLOCK TABLES;

--
-- Table structure for table `pop_change`
--

DROP TABLE IF EXISTS `pop_change`;
/*!40101 SET @saved_cs_client     = @@character_set_client */;
/*!40101 SET character_set_client = utf8 */;
CREATE TABLE `pop_change` (
  `c_id` int(11) DEFAULT NULL,
  `migration` varchar(45) DEFAULT NULL,
  `deathrate` varchar(45) DEFAULT NULL,
  `birthrate` varchar(45) DEFAULT NULL,
  KEY `c_id` (`c_id`),
  CONSTRAINT `pop_change_ibfk_1` FOREIGN KEY (`c_id`) REFERENCES `general_info` (`c_id`)
) ENGINE=InnoDB DEFAULT CHARSET=latin1;
/*!40101 SET character_set_client = @saved_cs_client */;

--
-- Dumping data for table `pop_change`
--

LOCK TABLES `pop_change` WRITE;
/*!40000 ALTER TABLE `pop_change` DISABLE KEYS */;
INSERT INTO `pop_change` VALUES (1,'23,06','20,34','46,6'),(2,'-4,93','5,22','15,11'),(3,'-0,39','4,61','17,14'),(4,'-20,71','3,27','22,46'),(5,'6,6','6,25','8,71'),(6,'0','24,2','45,11'),(7,'10,76','5,34','14,17'),(8,'-6,15','5,37','16,93'),(9,'0,61','7,55','16,73'),(10,'-6,47','8,23','12,07'),(11,'0','6,68','11,03'),(12,'3,98','7,51','12,14'),(13,'2','9,76','8,74'),(14,'-4,9','9,75','20,74'),(15,'-2,2','9,05','17,57'),(16,'1,05','4,14','17,8'),(17,'-0,71','8,27','29,8'),(18,'-0,31','8,67','12,71'),(19,'2,54','14,02','11,16'),(20,'1,23','10,27','10,38'),(21,'0','5,72','28,84'),(22,'0','12,22','38,85'),(23,'2,49','7,74','11,4'),(24,'0','12,7','33,65'),(25,'-1,32','7,53','23,3'),(26,'0,31','8,27','8,77'),(27,'0','29,5','23,08'),(28,'-0,03','6,17','16,56'),(29,'10,01','4,42','14,89'),(30,'3,59','3,45','18,79'),(31,'-4,58','14,27','9,65'),(32,'0','15,6','45,62'),(33,'-1,8','9,83','17,91'),(34,'-0,06','13,46','42,22'),(35,'0','9,06','26,9'),(36,'0','13,47','33,89'),(37,'5,96','7,8','10,78'),(38,'-12,07','6,55','24,87'),(39,'18,75','4,89','12,74'),(40,'0','18,65','33,91'),(41,'-0,11','16,38','45,73'),(42,'0','5,81','15,23'),(43,'-0,4','6,97','13,25'),(44,'-0,31','5,58','20,48'),(45,'0','8,2','36,93'),(46,'0','13,27','43,69'),(47,'-0,17','12,93','42,57'),(48,'','','21'),(49,'0,51','4,36','18,32'),(50,'-0,07','14,84','35,11'),(51,'1,58','11,48','9,61'),(52,'-1,58','7,22','11,89'),(53,'0,43','7,68','12,56'),(54,'0,97','10,59','9,02'),(55,'2,48','10,36','11,13'),(56,'0','19,31','39,53'),(57,'-13,87','6,73','15,27'),(58,'-3,22','5,73','23,22'),(59,'0','6,24','26,99'),(60,'-8,58','4,23','22,29'),(61,'-0,22','5,23','22,94'),(62,'-3,74','5,78','26,61'),(63,'0','15,06','35,59'),(64,'0','9,6','34,33'),(65,'-3,16','13,25','10,04'),(66,'0','14,86','37,98'),(67,'1,41','8,7','14,05'),(68,'-3,14','5,65','22,55'),(69,'0,95','9,86','10,45'),(70,'0,66','9,14','11,99'),(71,'6,27','4,88','20,46'),(72,'2,94','4,69','16,68'),(73,'0','12,25','36,16'),(74,'1,57','12,25','39,37'),(75,'1,6','3,8','39,45'),(76,'-4,7','9,23','10,41'),(77,'2,18','10,62','8,25'),(78,'-0,64','9,72','30,52'),(79,'0','9,31','10,74'),(80,'2,35','10,24','9,68'),(81,'-8,37','7,84','15,93'),(82,'-13,92','6,88','22,08'),(83,'-0,15','6,09','15,05'),(84,'0','4,48','18,79'),(85,'-1,67','5,2','29,88'),(86,'3,84','10,01','8,81'),(87,'-3,06','15,48','41,76'),(88,'-1,57','16,53','37,22'),(89,'-2,07','8,28','18,28'),(90,'-3,4','12,17','36,44'),(91,'-1,99','5,28','28,24'),(92,'5,24','6,29','7,29'),(93,'0,86','13,11','9,72'),(94,'2,38','6,72','13,64'),(95,'-0,07','8,18','22,01'),(96,'0','6,25','20,34'),(97,'-0,84','5,55','17'),(98,'0','5,37','31,98'),(99,'4,99','7,82','14,45'),(100,'5,36','11,19','11,05'),(101,'0,68','6,18','17,97'),(102,'2,07','10,4','8,72'),(103,'-4,92','6,52','20,82'),(104,'0','9,16','9,37'),(105,'2,76','9,28','9,3'),(106,'6,59','2,65','21,25'),(107,'-3,35','9,42','16'),(108,'-0,1','14,02','39,72'),(109,'0','8,26','30,65'),(110,'0','7,13','15,54'),(111,'0','5,85','10'),(112,'14,18','2,41','21,94'),(113,'-2,45','7,08','22,8'),(114,'0','11,55','35,49'),(115,'-2,23','13,66','9,24'),(116,'0','6,21','18,52'),(117,'-0,74','28,71','24,75'),(118,'0','23,1','44,77'),(119,'0','3,48','26,49'),(120,'4,85','7,18','10,21'),(121,'-0,71','10,98','8,75'),(122,'8,97','8,41','11,94'),(123,'4,86','4,47','8,48'),(124,'-1,45','8,77','12,02'),(125,'0','11,11','41,41'),(126,'0','19,33','43,13'),(127,'0','5,05','22,86'),(128,'0','7,06','34,81'),(129,'-0,33','16,89','49,82'),(130,'2,07','8,1','10,22'),(131,'-6,04','4,78','33,05'),(132,'-0,05','6,48','13,74'),(133,'0','12,16','40,99'),(134,'-0,9','6,86','15,43'),(135,'6,78','7,7','40,95'),(136,'-4,87','4,74','20,69'),(137,'-20,99','4,75','24,68'),(138,'-0,26','12,64','15,7'),(139,'7,75','12,91','9,19'),(140,'0','6,95','21,59'),(141,'0','7,1','17,59'),(142,'-0,98','5,58','21,98'),(143,'0','21,35','35,18'),(144,'0','18,86','24,32'),(145,'0','6,7','24,76'),(146,'0','9,31','30,98'),(147,'2,91','8,68','10,9'),(148,'-0,41','6,45','14,78'),(149,'0','5,69','18,11'),(150,'4,05','7,53','13,76'),(151,'-1,22','4,45','24,51'),(152,'-0,67','20,91','50,73'),(153,'0,26','16,94','40,43'),(154,'9,61','2,29','19,43'),(155,'1,74','9,4','11,46'),(156,'0,28','3,81','36,24'),(157,'-2,77','8,23','29,74'),(158,'2,85','6,8','18,03'),(159,'-0,91','5,36','21,74'),(160,'0','7,25','29,36'),(161,'-0,08','4,49','29,1'),(162,'-1,05','6,23','20,48'),(163,'-1,5','5,41','24,89'),(164,'-0,49','9,89','9,85'),(165,'3,57','10,5','10,72'),(166,'-1,46','7,65','12,77'),(167,'16,29','4,72','15,56'),(168,'0','5,49','18,9'),(169,'-0,13','11,77','10,7'),(170,'1,02','14,65','9,95'),(171,'0','16,09','40,37'),(172,'0','6,53','12,13'),(173,'-7,11','8,33','18,02'),(174,'-2,67','5,08','19,68'),(175,'-4,86','6,83','13,52'),(176,'-7,64','5,98','16,18'),(177,'-11,7','6,62','16,43'),(178,'10,98','8,17','10,02'),(179,'-2,72','6,47','40,25'),(180,'-2,71','2,58','29,34'),(181,'0,2','9,42','32,78'),(182,'-1,33','',''),(183,'-5,69','6,29','16,03'),(184,'0','23,03','45,76'),(185,'11,53','4,28','9,34'),(186,'0,3','9,45','10,65'),(187,'1,12','10,31','8,98'),(188,'0','3,92','30,01'),(189,'5,37','16,63','45,13'),(190,'-0,29','22','18,2'),(191,'0,99','9,72','10,06'),(192,'-1,31','6,52','15,51'),(193,'-0,02','8,97','34,53'),(194,'-8,81','7,27','18,02'),(195,'0','29,74','27,41'),(196,'1,67','10,31','10,27'),(197,'4,05','8,49','9,71'),(198,'0','4,81','27,76'),(199,'0','6,48','12,56'),(200,'-2,86','8,25','32,65'),(201,'-2,06','16,39','37,71'),(202,'0','7,04','13,87'),(203,'0','9,83','37,01'),(204,'0','5,28','25,37'),(205,'-10,83','10,57','12,9'),(206,'-0,57','5,13','15,52'),(207,'0','5,97','16,62'),(208,'-0,86','8,6','27,61'),(209,'0','7,11','22,18'),(210,'0','12,24','47,35'),(211,'-0,39','14,39','8,82'),(212,'1,03','4,4','18,96'),(213,'2,19','10,13','10,71'),(214,'3,41','8,26','14,14'),(215,'-0,32','9,05','13,91'),(216,'-1,72','7,84','26,36'),(217,'0','7,82','22,72'),(218,'-0,04','4,92','18,71'),(219,'-0,45','6,22','16,86'),(220,'-8,94','6,43','13,96'),(221,'2,98','3,92','31,67'),(222,'0','8,3','42,89'),(223,'0','19,93','41'),(224,'0','21,84','28,01');
/*!40000 ALTER TABLE `pop_change` ENABLE KEYS */;
UNLOCK TABLES;

--
-- Table structure for table `population`
--

DROP TABLE IF EXISTS `population`;
/*!40101 SET @saved_cs_client     = @@character_set_client */;
/*!40101 SET character_set_client = utf8 */;
CREATE TABLE `population` (
  `c_id` int(11) DEFAULT NULL,
  `pop` varchar(45) DEFAULT NULL,
  `pop_density` varchar(45) DEFAULT NULL,
  KEY `c_id` (`c_id`),
  CONSTRAINT `population_ibfk_1` FOREIGN KEY (`c_id`) REFERENCES `general_info` (`c_id`)
) ENGINE=InnoDB DEFAULT CHARSET=latin1;
/*!40101 SET character_set_client = @saved_cs_client */;

--
-- Dumping data for table `population`
--

LOCK TABLES `population` WRITE;
/*!40000 ALTER TABLE `population` DISABLE KEYS */;
INSERT INTO `population` VALUES (1,'31056997','48,0'),(2,'3581655','124,6'),(3,'32930091','13,8'),(4,'57794','290,4'),(5,'71201','152,1'),(6,'12127071','9,7'),(7,'13477','132,1'),(8,'69108','156,0'),(9,'39921833','14,4'),(10,'2976372','99,9'),(11,'71891','372,5'),(12,'20264082','2,6'),(13,'8192880','97,7'),(14,'7961619','91,9'),(15,'303770','21,8'),(16,'698585','1050,5'),(17,'147365352','1023,4'),(18,'279912','649,5'),(19,'10293011','49,6'),(20,'10379067','340,0'),(21,'287730','12,5'),(22,'7862944','69,8'),(23,'65773','1241,0'),(24,'2279723','48,5'),(25,'8989046','8,2'),(26,'4498976','88,0'),(27,'1639833','2,7'),(28,'188078227','22,1'),(29,'23098','151,0'),(30,'379444','65,8'),(31,'7385367','66,6'),(32,'13902972','50,7'),(33,'47382633','69,8'),(34,'8090068','290,7'),(35,'13881427','76,7'),(36,'17340702','36,5'),(37,'33098932','3,3'),(38,'420979','104,4'),(39,'45436','173,4'),(40,'4303356','6,9'),(41,'9944201','7,7'),(42,'16134219','21,3'),(43,'1313973713','136,9'),(44,'43593035','38,3'),(45,'690948','318,4'),(46,'62660551','26,7'),(47,'3702314','10,8'),(48,'21388','89,1'),(49,'4075261','79,8'),(50,'17654843','54,8'),(51,'4494749','79,5'),(52,'11382820','102,7'),(53,'784301','84,8'),(54,'10235455','129,8'),(55,'5450661','126,5'),(56,'486530','21,2'),(57,'68910','91,4'),(58,'9183984','188,5'),(59,'1062777','70,8'),(60,'13547510','47,8'),(61,'78887007','78,8'),(62,'6822378','324,3'),(63,'540109','19,3'),(64,'4786994','39,5'),(65,'1324333','29,3'),(66,'74777981','66,3'),(67,'47246','33,8'),(68,'905949','49,6'),(69,'5231372','15,5'),(70,'60876136','111,3'),(71,'199509','2,2'),(72,'274578','65,9'),(73,'1424906','5,3'),(74,'1641564','145,3'),(75,'1428757','3968,8'),(76,'4661473','66,9'),(77,'82422299','230,9'),(78,'22409572','93,6'),(79,'27928','3989,7'),(80,'10688058','81,0'),(81,'56361','0,0'),(82,'89703','260,8'),(83,'452776','254,4'),(84,'171019','316,1'),(85,'12293545','112,9'),(86,'65409','838,6'),(87,'9690222','39,4'),(88,'1442029','39,9'),(89,'767245','3,6'),(90,'8308504','299,4'),(91,'7326496','65,4'),(92,'6940432','6355,7'),(93,'9981334','107,3'),(94,'299388','2,9'),(95,'1095351995','333,2'),(96,'245452739','127,9'),(97,'68688433','41,7'),(98,'26783383','61,3'),(99,'4062235','57,8'),(100,'75441','131,9'),(101,'6352117','305,8'),(102,'58133509','193,0'),(103,'2758124','250,9'),(104,'127463611','337,4'),(105,'91084','785,2'),(106,'5906760','64,0'),(107,'15233244','5,6'),(108,'34707817','59,6'),(109,'105432','130,0'),(110,'23113019','191,8'),(111,'48846823','496,0'),(112,'2418393','135,7'),(113,'5213898','26,3'),(114,'6368481','26,9'),(115,'2274735','35,2'),(116,'3874050','372,5'),(117,'2022331','66,6'),(118,'3042004','27,3'),(119,'5900754','3,4'),(120,'33987','212,4'),(121,'3585906','55,0'),(122,'474413','183,5'),(123,'453125','16183,0'),(124,'2050554','80,9'),(125,'18595469','31,7'),(126,'13013926','109,8'),(127,'24385858','74,0'),(128,'359008','1196,7'),(129,'11716829','9,5'),(130,'400214','1266,5'),(131,'60422','5,1'),(132,'436131','396,5'),(133,'3177388','3,1'),(134,'1240827','608,3'),(135,'201234','538,1'),(136,'107449525','54,5'),(137,'108004','153,9'),(138,'4466706','132,0'),(139,'32543','16271,5'),(140,'2832224','1,8'),(141,'9439','92,5'),(142,'33241259','74,4'),(143,'19686505','24,6'),(144,'2044147','2,5'),(145,'13287','632,7'),(146,'28287147','192,2'),(147,'16491461','397,1'),(148,'221736','231,0'),(149,'219246','11,5'),(150,'4076140','15,2'),(151,'5570129','43,0'),(152,'12525094','9,9'),(153,'131859731','142,7'),(154,'82459','172,9'),(155,'4610820','14,2'),(156,'3102229','14,6'),(157,'165803560','206,2'),(158,'20579','44,9'),(159,'3191319','40,8'),(160,'5670544','12,3'),(161,'6506464','16,0'),(162,'28302603','22,0'),(163,'89468677','298,2'),(164,'38536869','123,3'),(165,'10605870','114,8'),(166,'3927188','284,8'),(167,'885359','77,4'),(168,'787584','312,9'),(169,'22303552','93,9'),(170,'142893540','8,4'),(171,'8648248','328,4'),(172,'7502','18,2'),(173,'39129','149,9'),(174,'168458','273,5'),(175,'7026','29,0'),(176,'117848','303,0'),(177,'176908','60,1'),(178,'29251','479,5'),(179,'193413','193,2'),(180,'27019731','13,8'),(181,'11987121','61,1'),(182,'9396411','106,3'),(183,'81541','179,2'),(184,'6005250','83,7'),(185,'4492150','6482,2'),(186,'5439448','111,4'),(187,'2010347','99,2'),(188,'552438','19,4'),(189,'8863338','13,9'),(190,'44187637','36,2'),(191,'40397842','80,0'),(192,'20222240','308,2'),(193,'41236378','16,5'),(194,'439117','2,7'),(195,'1136334','65,5'),(196,'9016596','20,0'),(197,'7523934','182,2'),(198,'18881361','102,0'),(199,'23036087','640,3'),(200,'7320815','51,2'),(201,'37445392','39,6'),(202,'64631595','125,7'),(203,'5548702','97,7'),(204,'114689','153,3'),(205,'1065842','207,9'),(206,'10175014','62,2'),(207,'70413958','90,2'),(208,'5042920','10,3'),(209,'11810','454,2'),(210,'28195754','119,5'),(211,'46710816','77,4'),(212,'2602713','31,4'),(213,'60609153','247,6'),(214,'298444215','31,0'),(215,'3431932','19,5'),(216,'27307134','61,0'),(217,'208869','17,1'),(218,'25730435','28,2'),(219,'84402966','256,1'),(220,'108605','56,9'),(221,'2460492','419,9'),(222,'21456188','40,6'),(223,'11502010','15,3'),(224,'12236805','31,3');
/*!40000 ALTER TABLE `population` ENABLE KEYS */;
UNLOCK TABLES;
/*!40103 SET TIME_ZONE=@OLD_TIME_ZONE */;

/*!40101 SET SQL_MODE=@OLD_SQL_MODE */;
/*!40014 SET FOREIGN_KEY_CHECKS=@OLD_FOREIGN_KEY_CHECKS */;
/*!40014 SET UNIQUE_CHECKS=@OLD_UNIQUE_CHECKS */;
/*!40101 SET CHARACTER_SET_CLIENT=@OLD_CHARACTER_SET_CLIENT */;
/*!40101 SET CHARACTER_SET_RESULTS=@OLD_CHARACTER_SET_RESULTS */;
/*!40101 SET COLLATION_CONNECTION=@OLD_COLLATION_CONNECTION */;
/*!40111 SET SQL_NOTES=@OLD_SQL_NOTES */;

-- Dump completed on 2018-12-23 16:36:11
